"species","dd long","dd lat","season","sex","group"
"Prionace glauca",9.5,44.03,"SumAut","M","M_SumAut"
"Prionace glauca",21.023,37.4551,"SumAut","M","M_SumAut"
"Prionace glauca",21.023,37.45515,"SumAut","M","M_SumAut"
"Prionace glauca",14.697559,42.788201,"SumAut","M","M_SumAut"
"Prionace glauca",14.697559,42.788201,"SumAut","M","M_SumAut"
"Prionace glauca",14.697559,42.788201,"SumAut","M","M_SumAut"
"Prionace glauca",14.697559,42.788201,"SumAut","M","M_SumAut"
"Prionace glauca",14.697559,42.788201,"SumAut","M","M_SumAut"
"Prionace glauca",14.764936,43.237997,"SumAut","M","M_SumAut"
"Prionace glauca",14.764936,43.237997,"SumAut","M","M_SumAut"
"Prionace glauca",14.764936,43.237997,"SumAut","M","M_SumAut"
"Prionace glauca",14.764936,43.237997,"SumAut","M","M_SumAut"
"Prionace glauca",14.764936,43.237997,"SumAut","M","M_SumAut"
"Prionace glauca",15.46875,37.85317,"SumAut","M","M_SumAut"
"Prionace glauca",15.46875,37.85317,"SumAut","M","M_SumAut"
"Prionace glauca",16.18,38.14,"SumAut","M","M_SumAut"
"Prionace glauca",14.67224,38.51271,"SumAut","M","M_SumAut"
"Prionace glauca",8.15138888,43.5975,"SumAut","M","M_SumAut"
"Prionace glauca",7.63111111,43.4475,"SumAut","M","M_SumAut"
"Prionace glauca",8.42833333,43.68861111,"SumAut","M","M_SumAut"
"Prionace glauca",33.705967,34.6749,"SumAut","M","M_SumAut"
"Prionace glauca",8.217383,43.528036,"SumAut","M","M_SumAut"
"Prionace glauca",8.217383,43.528036,"SumAut","M","M_SumAut"
"Prionace glauca",8.217383,43.528036,"SumAut","M","M_SumAut"
"Prionace glauca",8.217383,43.528036,"SumAut","M","M_SumAut"
"Prionace glauca",8.217383,43.528036,"SumAut","M","M_SumAut"
"Prionace glauca",8.217383,43.528036,"SumAut","M","M_SumAut"
"Prionace glauca",8.217383,43.528036,"SumAut","M","M_SumAut"
"Prionace glauca",8.217383,43.528036,"SumAut","M","M_SumAut"
"Prionace glauca",8.217383,43.528036,"SumAut","M","M_SumAut"
"Prionace glauca",8.217383,43.528036,"SumAut","M","M_SumAut"
"Prionace glauca",8.217383,43.528036,"SumAut","M","M_SumAut"
"Prionace glauca",8.217383,43.528036,"SumAut","M","M_SumAut"
"Prionace glauca",8.217383,43.528036,"SumAut","M","M_SumAut"
"Prionace glauca",8.217383,43.528036,"SumAut","M","M_SumAut"
"Prionace glauca",8.217383,43.528036,"SumAut","M","M_SumAut"
"Prionace glauca",23.280492008598,37.8889684516026,"SumAut","M","M_SumAut"
"Prionace glauca",16.215036,38.176481,"SumAut","M","M_SumAut"
"Prionace glauca",8.244,40.951,"SumAut","M","M_SumAut"
"Prionace glauca",10.270942,43.645852,"SumAut","M","M_SumAut"
"Prionace glauca",10.165841,43.526103,"SumAut","M","M_SumAut"
"Prionace glauca",8.61416666666667,41.1602777777778,"SumAut","M","M_SumAut"
"Prionace glauca",18.6333333333333,41.1666666666667,"SumAut","M","M_SumAut"
"Prionace glauca",16.9166666666667,42,"SumAut","M","M_SumAut"
"Prionace glauca",13.04765,44.1371,"SumAut","M","M_SumAut"
"Prionace glauca",12.43893333,44.77245,"SumAut","M","M_SumAut"
"Prionace glauca",12.44403333,44.77715,"SumAut","M","M_SumAut"
"Prionace glauca",12.95,45.15833333,"SumAut","M","M_SumAut"
"Prionace glauca",12.59051667,45.03513333,"SumAut","M","M_SumAut"
"Prionace glauca",12.79416667,45.00083333,"SumAut","M","M_SumAut"
"Prionace glauca",12.8303,44.85995,"SumAut","M","M_SumAut"
"Prionace glauca",12.81944444,45.01583333,"SumAut","M","M_SumAut"
"Prionace glauca",12.94768333,45.16585,"SumAut","M","M_SumAut"
"Prionace glauca",12.51696667,44.82645,"SumAut","M","M_SumAut"
"Prionace glauca",12.47753333,44.795,"SumAut","M","M_SumAut"
"Prionace glauca",13.64678333,43.74581167,"SumAut","M","M_SumAut"
"Prionace glauca",12.70096667,45.0012,"SumAut","M","M_SumAut"
"Prionace glauca",13.211,45.43606667,"SumAut","M","M_SumAut"
"Prionace glauca",12.61666667,45.25,"SumAut","M","M_SumAut"
"Prionace glauca",13.565,45.61833333,"SumAut","M","M_SumAut"
"Prionace glauca",12.86666667,45.2501667,"SumAut","M","M_SumAut"
"Prionace glauca",12.88033333,45.2505,"SumAut","M","M_SumAut"
"Prionace glauca",12.88033333,45.2505,"SumAut","M","M_SumAut"
"Prionace glauca",12.88033333,45.2505,"SumAut","M","M_SumAut"
"Prionace glauca",12.54678333,44.73055,"SumAut","M","M_SumAut"
"Prionace glauca",13.1224567,45.44922222,"SumAut","M","M_SumAut"
"Prionace glauca",13.21138333,45.4351,"SumAut","M","M_SumAut"
"Prionace glauca",13.0710666666667,45.44175,"SumAut","M","M_SumAut"
"Prionace glauca",3.175,42.625,"SumAut","M","M_SumAut"
"Prionace glauca",3.175,42.625,"SumAut","M","M_SumAut"
"Prionace glauca",3.2,42.625,"SumAut","M","M_SumAut"
"Prionace glauca",3.2,42.625,"SumAut","M","M_SumAut"
"Prionace glauca",3.175,42.625,"SumAut","M","M_SumAut"
"Prionace glauca",3.175,42.6,"SumAut","M","M_SumAut"
"Prionace glauca",10.207,42.36667,"SumAut","M","M_SumAut"
"Prionace glauca",6.035,42.369,"SumAut","M","M_SumAut"
"Prionace glauca",6.067,42.83333,"SumAut","M","M_SumAut"
"Prionace glauca",11.221,39.332,"SumAut","M","M_SumAut"
"Prionace glauca",11.124,39.3054,"SumAut","M","M_SumAut"
"Prionace glauca",10.623,39.5529,"SumAut","M","M_SumAut"
"Prionace glauca",10.025,39.7926,"SumAut","M","M_SumAut"
"Prionace glauca",11.219,39.6835,"SumAut","M","M_SumAut"
"Prionace glauca",11.457,39.813,"SumAut","M","M_SumAut"
"Prionace glauca",11.538,39.7209,"SumAut","M","M_SumAut"
"Prionace glauca",11.52,39.7451,"SumAut","M","M_SumAut"
"Prionace glauca",11.625,40.1094,"SumAut","M","M_SumAut"
"Prionace glauca",11.617,40.3885,"SumAut","M","M_SumAut"
"Prionace glauca",11.767,40.3677,"SumAut","M","M_SumAut"
"Prionace glauca",11.952,40.0598,"SumAut","M","M_SumAut"
"Prionace glauca",11.832,39.8505,"SumAut","M","M_SumAut"
"Prionace glauca",12.098,39.7379,"SumAut","M","M_SumAut"
"Prionace glauca",12.204,39.7081,"SumAut","M","M_SumAut"
"Prionace glauca",11.952,39.5378,"SumAut","M","M_SumAut"
"Prionace glauca",11.866,39.623,"SumAut","M","M_SumAut"
"Prionace glauca",11.514,39.374,"SumAut","M","M_SumAut"
"Prionace glauca",12.168,40.0466,"SumAut","M","M_SumAut"
"Prionace glauca",12.49,39.7876,"SumAut","M","M_SumAut"
"Prionace glauca",12.476,39.738,"SumAut","M","M_SumAut"
"Prionace glauca",12.818,39.8319,"SumAut","M","M_SumAut"
"Prionace glauca",12.905,39.6696,"SumAut","M","M_SumAut"
"Prionace glauca",12.582,39.3988,"SumAut","M","M_SumAut"
"Prionace glauca",12.897,39.10279,"SumAut","M","M_SumAut"
"Prionace glauca",12.814,39.24207,"SumAut","M","M_SumAut"
"Prionace glauca",12.992,39.26237,"SumAut","M","M_SumAut"
"Prionace glauca",13.174,39.48181,"SumAut","M","M_SumAut"
"Prionace glauca",13.274,39.86229,"SumAut","M","M_SumAut"
"Prionace glauca",13.664,39.46991,"SumAut","M","M_SumAut"
"Prionace glauca",14.059,39.54644,"SumAut","M","M_SumAut"
"Prionace glauca",14.056,39.57404,"SumAut","M","M_SumAut"
"Prionace glauca",14.03,39.59858,"SumAut","M","M_SumAut"
"Prionace glauca",14.001,39.60815,"SumAut","M","M_SumAut"
"Prionace glauca",14.155,39.58322,"SumAut","M","M_SumAut"
"Prionace glauca",14.234,39.50058,"SumAut","M","M_SumAut"
"Prionace glauca",14.291,39.51597,"SumAut","M","M_SumAut"
"Prionace glauca",14.298,39.55965,"SumAut","M","M_SumAut"
"Prionace glauca",14.262,39.6599,"SumAut","M","M_SumAut"
"Prionace glauca",14.357,39.70117,"SumAut","M","M_SumAut"
"Prionace glauca",14.256,39.72643,"SumAut","M","M_SumAut"
"Prionace glauca",14.319,39.75317,"SumAut","M","M_SumAut"
"Prionace glauca",14.382,39.78,"SumAut","M","M_SumAut"
"Prionace glauca",14.485,39.66809,"SumAut","M","M_SumAut"
"Prionace glauca",14.07,39.79262,"SumAut","M","M_SumAut"
"Prionace glauca",14.017,39.81924,"SumAut","M","M_SumAut"
"Prionace glauca",14.002,39.76964,"SumAut","M","M_SumAut"
"Prionace glauca",14.619,39.73243,"SumAut","M","M_SumAut"
"Prionace glauca",14.71,39.71222,"SumAut","M","M_SumAut"
"Prionace glauca",14.663,39.68646,"SumAut","M","M_SumAut"
"Prionace glauca",14.68,39.66385,"SumAut","M","M_SumAut"
"Prionace glauca",14.595,39.63537,"SumAut","M","M_SumAut"
"Prionace glauca",14.666,39.69059,"SumAut","M","M_SumAut"
"Prionace glauca",14.723,39.6152,"SumAut","M","M_SumAut"
"Prionace glauca",14.833,39.639,"SumAut","M","M_SumAut"
"Prionace glauca",14.85,39.5173,"SumAut","M","M_SumAut"
"Prionace glauca",14.886,39.46347,"SumAut","M","M_SumAut"
"Prionace glauca",14.946,39.52373,"SumAut","M","M_SumAut"
"Prionace glauca",14.996,39.57403,"SumAut","M","M_SumAut"
"Prionace glauca",15.014,39.57129,"SumAut","M","M_SumAut"
"Prionace glauca",15.02,39.52347,"SumAut","M","M_SumAut"
"Prionace glauca",15.014,39.44113,"SumAut","M","M_SumAut"
"Prionace glauca",15.124,39.46998,"SumAut","M","M_SumAut"
"Prionace glauca",15.28,39.49356,"SumAut","M","M_SumAut"
"Prionace glauca",15.204,39.465,"SumAut","M","M_SumAut"
"Prionace glauca",15.253,39.37357,"SumAut","M","M_SumAut"
"Prionace glauca",15.355,39.33254,"SumAut","M","M_SumAut"
"Prionace glauca",15.139,39.38115,"SumAut","M","M_SumAut"
"Prionace glauca",15.069,39.3081,"SumAut","M","M_SumAut"
"Prionace glauca",15.122,39.68775,"SumAut","M","M_SumAut"
"Prionace glauca",15.074,39.8543,"SumAut","M","M_SumAut"
"Prionace glauca",15.203,39.80064,"SumAut","M","M_SumAut"
"Prionace glauca",15.122,39.68775,"SumAut","M","M_SumAut"
"Prionace glauca",14.398,39.27792,"SumAut","M","M_SumAut"
"Prionace glauca",14.37,39.1998,"SumAut","M","M_SumAut"
"Prionace glauca",14.638,39.19689,"SumAut","M","M_SumAut"
"Prionace glauca",14.53,39.2619,"SumAut","M","M_SumAut"
"Prionace glauca",14.649,38.9729,"SumAut","M","M_SumAut"
"Prionace glauca",14.674,38.68964,"SumAut","M","M_SumAut"
"Prionace glauca",14.382,38.59883,"SumAut","M","M_SumAut"
"Prionace glauca",14.213,40.2152,"SumAut","M","M_SumAut"
"Prionace glauca",14.288,39.9971,"SumAut","M","M_SumAut"
"Prionace glauca",13.926,40.4123,"SumAut","M","M_SumAut"
"Prionace glauca",13.931,40.3346,"SumAut","M","M_SumAut"
"Prionace glauca",13.616,40.3558,"SumAut","M","M_SumAut"
"Prionace glauca",13.583,40.38052,"SumAut","M","M_SumAut"
"Prionace glauca",13.555,40.43962,"SumAut","M","M_SumAut"
"Prionace glauca",13.603,40.5195,"SumAut","M","M_SumAut"
"Prionace glauca",13.501,40.43041,"SumAut","M","M_SumAut"
"Prionace glauca",13.379,40.41879,"SumAut","M","M_SumAut"
"Prionace glauca",12.676,40.5143,"SumAut","M","M_SumAut"
"Prionace glauca",12.575,40.5265,"SumAut","M","M_SumAut"
"Prionace glauca",12.454,40.5424,"SumAut","M","M_SumAut"
"Prionace glauca",12.348,40.5783,"SumAut","M","M_SumAut"
"Prionace glauca",12.162,40.5552,"SumAut","M","M_SumAut"
"Prionace glauca",3.500338,42.609767,"SumAut","M","M_SumAut"
"Prionace glauca",3.500338,42.609767,"SumAut","M","M_SumAut"
"Prionace glauca",3.80145,43.178042,"SumAut","M","M_SumAut"
"Prionace glauca",3.80145,43.178042,"SumAut","M","M_SumAut"
"Prionace glauca",3.80145,43.178042,"SumAut","M","M_SumAut"
"Prionace glauca",3.3658,42.7594,"SumAut","M","M_SumAut"
"Prionace glauca",3.3658,42.7594,"SumAut","M","M_SumAut"
"Prionace glauca",3.3658,42.7594,"SumAut","M","M_SumAut"
"Prionace glauca",3.78355,43.201287,"SumAut","M","M_SumAut"
"Prionace glauca",3.957754,42.926392,"SumAut","M","M_SumAut"
"Prionace glauca",3.957754,42.926392,"SumAut","M","M_SumAut"
"Prionace glauca",3.957754,42.926392,"SumAut","M","M_SumAut"
"Prionace glauca",3.909229,43.081483,"SumAut","M","M_SumAut"
"Prionace glauca",3.853438,42.881925,"SumAut","M","M_SumAut"
"Prionace glauca",3.853438,42.881925,"SumAut","M","M_SumAut"
"Prionace glauca",3.853438,42.881925,"SumAut","M","M_SumAut"
"Prionace glauca",3.853438,42.881925,"SumAut","M","M_SumAut"
"Prionace glauca",3.854183,43.162104,"SumAut","M","M_SumAut"
"Prionace glauca",3.742683,43.27605,"SumAut","M","M_SumAut"
"Prionace glauca",3.744533,43.27513,"SumAut","M","M_SumAut"
"Prionace glauca",3.744533,43.27513,"SumAut","M","M_SumAut"
"Prionace glauca",6.152617,42.87177,"SumAut","M","M_SumAut"
"Prionace glauca",15.77855,42.18835,"SumAut","M","M_SumAut"
"Prionace glauca",15.8601,42.3472333333333,"SumAut","M","M_SumAut"
"Prionace glauca",18.7320833333333,40.9472666666667,"SumAut","M","M_SumAut"
"Prionace glauca",18.6715,41.0886333333333,"SumAut","M","M_SumAut"
"Prionace glauca",18.6028833333333,41.4598166666667,"SumAut","M","M_SumAut"
"Prionace glauca",18.6667333333333,41.2081333333333,"SumAut","M","M_SumAut"
"Prionace glauca",18.64695,41.2356833333333,"SumAut","M","M_SumAut"
"Prionace glauca",17.5184666666667,41.4477833333333,"SumAut","M","M_SumAut"
"Prionace glauca",17.60925,41.4401,"SumAut","M","M_SumAut"
"Prionace glauca",17.9701166666667,41.3196,"SumAut","M","M_SumAut"
"Prionace glauca",16.8765,41.975,"SumAut","M","M_SumAut"
"Prionace glauca",16.7148333333333,42.0858333333333,"SumAut","M","M_SumAut"
"Prionace glauca",16.79665,42.2460833333333,"SumAut","M","M_SumAut"
"Prionace glauca",17.31275,41.3664,"SumAut","M","M_SumAut"
"Prionace glauca",15.77045,42.6274,"SumAut","M","M_SumAut"
"Prionace glauca",15.6860333333333,42.6623666666667,"SumAut","M","M_SumAut"
"Prionace glauca",17.1674833333333,41.7153166666667,"SumAut","M","M_SumAut"
"Prionace glauca",17.3221166666667,41.4800333333333,"SumAut","M","M_SumAut"
"Prionace glauca",17.3379833333333,41.4562333333333,"SumAut","M","M_SumAut"
"Prionace glauca",17.3549833333333,41.4321833333333,"SumAut","M","M_SumAut"
"Prionace glauca",17.26635,41.2811166666667,"SumAut","M","M_SumAut"
"Prionace glauca",17.3536166666667,41.1965833333333,"SumAut","M","M_SumAut"
"Prionace glauca",17.3841666666667,41.1656333333333,"SumAut","M","M_SumAut"
"Prionace glauca",17.3833666666667,41.1542666666667,"SumAut","M","M_SumAut"
"Prionace glauca",17.4607166666667,41.1370833333333,"SumAut","M","M_SumAut"
"Prionace glauca",17.4946,41.1014666666667,"SumAut","M","M_SumAut"
"Prionace glauca",17.104,41.8541666666667,"SumAut","M","M_SumAut"
"Prionace glauca",17.279,41.6236666666667,"SumAut","M","M_SumAut"
"Prionace glauca",17.4347166666667,41.4297333333333,"SumAut","M","M_SumAut"
"Prionace glauca",17.4817333333333,41.3585666666667,"SumAut","M","M_SumAut"
"Prionace glauca",17.2547,41.8826666666667,"SumAut","M","M_SumAut"
"Prionace glauca",17.28625,41.8428833333333,"SumAut","M","M_SumAut"
"Prionace glauca",17.4439666666667,41.56655,"SumAut","M","M_SumAut"
"Prionace glauca",17.5637333333333,41.2966833333333,"SumAut","M","M_SumAut"
"Prionace glauca",17.5791333333333,41.2732833333333,"SumAut","M","M_SumAut"
"Prionace glauca",17.3993833333333,41.4129,"SumAut","M","M_SumAut"
"Prionace glauca",17.4574666666667,41.4925166666667,"SumAut","M","M_SumAut"
"Prionace glauca",17.4782166666667,41.4184166666667,"SumAut","M","M_SumAut"
"Prionace glauca",15.4376333333333,42.6040166666667,"SumAut","M","M_SumAut"
"Prionace glauca",15.5533333333333,42.6813333333333,"SumAut","M","M_SumAut"
"Prionace glauca",15.7319833333333,42.49835,"SumAut","M","M_SumAut"
"Prionace glauca",15.6225,42.2428,"SumAut","M","M_SumAut"
"Prionace glauca",16.50125,41.9448333333333,"SumAut","M","M_SumAut"
"Prionace glauca",16.6244333333333,42.1049833333333,"SumAut","M","M_SumAut"
"Prionace glauca",16.6370666666667,42.0372333333333,"SumAut","M","M_SumAut"
"Prionace glauca",18.0693333333333,41.1133666666667,"SumAut","M","M_SumAut"
"Prionace glauca",17.4604,41.3739833333333,"SumAut","M","M_SumAut"
"Prionace glauca",17.8841166666667,41.0734,"SumAut","M","M_SumAut"
"Prionace glauca",18.5163333333333,40.6496666666667,"SumAut","M","M_SumAut"
"Prionace glauca",18.4853333333333,40.6698333333333,"SumAut","M","M_SumAut"
"Prionace glauca",17.2091666666667,41.2865,"SumAut","M","M_SumAut"
"Prionace glauca",17.275,41.2573333333333,"SumAut","M","M_SumAut"
"Prionace glauca",17.6343333333333,41.1088333333333,"SumAut","M","M_SumAut"
"Prionace glauca",17.7755,41.0293333333333,"SumAut","M","M_SumAut"
"Prionace glauca",15.7970333333333,42.3729333333333,"SumAut","M","M_SumAut"
"Prionace glauca",15.9798333333333,42.2438666666667,"SumAut","M","M_SumAut"
"Prionace glauca",15.6048166666667,42.4884833333333,"SumAut","M","M_SumAut"
"Prionace glauca",16.6825,41.76155,"SumAut","M","M_SumAut"
"Prionace glauca",16.43725,42.2055,"SumAut","M","M_SumAut"
"Prionace glauca",18.08745,40.7791,"SumAut","M","M_SumAut"
"Prionace glauca",18.0238166666667,40.81925,"SumAut","M","M_SumAut"
"Prionace glauca",18.02185,40.8205166666667,"SumAut","M","M_SumAut"
"Prionace glauca",18.00495,40.8138833333333,"SumAut","M","M_SumAut"
"Prionace glauca",17.98385,40.8858833333333,"SumAut","M","M_SumAut"
"Prionace glauca",18.042,41.1415333333333,"SumAut","M","M_SumAut"
"Prionace glauca",15.1042166666667,42.54885,"SumAut","M","M_SumAut"
"Prionace glauca",15.31415,42.4012166666667,"SumAut","M","M_SumAut"
"Prionace glauca",15.33565,42.3837666666667,"SumAut","M","M_SumAut"
"Prionace glauca",15.6850333333333,42.20445,"SumAut","M","M_SumAut"
"Prionace glauca",16.1059333333333,42.0837166666667,"SumAut","M","M_SumAut"
"Prionace glauca",16.2654,42.0236166666667,"SumAut","M","M_SumAut"
"Prionace glauca",17.5,41.55,"SumAut","M","M_SumAut"
"Prionace glauca",17.5,41.55,"SumAut","M","M_SumAut"
"Prionace glauca",17.6,41.6,"SumAut","M","M_SumAut"
"Prionace glauca",17.625,41.6,"SumAut","M","M_SumAut"
"Prionace glauca",17.625,41.6,"SumAut","M","M_SumAut"
"Prionace glauca",17.65,41.6,"SumAut","M","M_SumAut"
"Prionace glauca",17.65,41.6,"SumAut","M","M_SumAut"
"Prionace glauca",17.7,41.6,"SumAut","M","M_SumAut"
"Prionace glauca",17.725,41.6,"SumAut","M","M_SumAut"
"Prionace glauca",17.725,41.6,"SumAut","M","M_SumAut"
"Prionace glauca",17.725,41.6,"SumAut","M","M_SumAut"
"Prionace glauca",17.775,41.6,"SumAut","M","M_SumAut"
"Prionace glauca",17.775,41.6,"SumAut","M","M_SumAut"
"Prionace glauca",17.85,41.625,"SumAut","M","M_SumAut"
"Prionace glauca",17.9,41.65,"SumAut","M","M_SumAut"
"Prionace glauca",17.9,41.65,"SumAut","M","M_SumAut"
"Prionace glauca",17.9,41.65,"SumAut","M","M_SumAut"
"Prionace glauca",17.9,41.65,"SumAut","M","M_SumAut"
"Prionace glauca",17.925,41.65,"SumAut","M","M_SumAut"
"Prionace glauca",17.95,41.65,"SumAut","M","M_SumAut"
"Prionace glauca",18,41.675,"SumAut","M","M_SumAut"
"Prionace glauca",18.075,41.7,"SumAut","M","M_SumAut"
"Prionace glauca",18.1,41.775,"SumAut","M","M_SumAut"
"Prionace glauca",18.15,41.825,"SumAut","M","M_SumAut"
"Prionace glauca",18.175,41.875,"SumAut","M","M_SumAut"
"Prionace glauca",18.3,41.875,"SumAut","M","M_SumAut"
"Prionace glauca",18.3,41.875,"SumAut","M","M_SumAut"
"Prionace glauca",18.3,41.875,"SumAut","M","M_SumAut"
"Prionace glauca",18.3,41.875,"SumAut","M","M_SumAut"
"Prionace glauca",18.3,41.875,"SumAut","M","M_SumAut"
"Prionace glauca",18.275,41.875,"SumAut","M","M_SumAut"
"Prionace glauca",18.275,41.875,"SumAut","M","M_SumAut"
"Prionace glauca",18.25,41.9,"SumAut","M","M_SumAut"
"Prionace glauca",18.25,41.875,"SumAut","M","M_SumAut"
"Prionace glauca",18.25,41.875,"SumAut","M","M_SumAut"
"Prionace glauca",18.25,41.875,"SumAut","M","M_SumAut"
"Prionace glauca",18.25,41.875,"SumAut","M","M_SumAut"
"Prionace glauca",18.25,41.9,"SumAut","M","M_SumAut"
"Prionace glauca",18.175,42,"SumAut","M","M_SumAut"
"Prionace glauca",18.15,42.075,"SumAut","M","M_SumAut"
"Prionace glauca",18.15,42.075,"SumAut","M","M_SumAut"
"Prionace glauca",18.15,42.075,"SumAut","M","M_SumAut"
"Prionace glauca",18.3,41.95,"SumAut","M","M_SumAut"
"Prionace glauca",18.325,41.925,"SumAut","M","M_SumAut"
"Prionace glauca",18.325,41.95,"SumAut","M","M_SumAut"
"Prionace glauca",18.325,42.025,"SumAut","M","M_SumAut"
"Prionace glauca",18.375,42.075,"SumAut","M","M_SumAut"
"Prionace glauca",18.4,42.05,"SumAut","M","M_SumAut"
"Prionace glauca",18.4,42.05,"SumAut","M","M_SumAut"
"Prionace glauca",18.4,42.05,"SumAut","M","M_SumAut"
"Prionace glauca",18.4,42.05,"SumAut","M","M_SumAut"
"Prionace glauca",18.4,42.05,"SumAut","M","M_SumAut"
"Prionace glauca",18.425,42.05,"SumAut","M","M_SumAut"
"Prionace glauca",18.475,42.05,"SumAut","M","M_SumAut"
"Prionace glauca",18.5,42.05,"SumAut","M","M_SumAut"
"Prionace glauca",18.5,42.05,"SumAut","M","M_SumAut"
"Prionace glauca",18.45,42.05,"SumAut","M","M_SumAut"
"Prionace glauca",18.45,42.05,"SumAut","M","M_SumAut"
"Prionace glauca",18.4,42.075,"SumAut","M","M_SumAut"
"Prionace glauca",18.35,42.05,"SumAut","M","M_SumAut"
"Prionace glauca",18.325,42.05,"SumAut","M","M_SumAut"
"Prionace glauca",18.3,42.025,"SumAut","M","M_SumAut"
"Prionace glauca",18.3,42.025,"SumAut","M","M_SumAut"
"Prionace glauca",18.3,42.025,"SumAut","M","M_SumAut"
"Prionace glauca",18.3,42.025,"SumAut","M","M_SumAut"
"Prionace glauca",18.275,42.05,"SumAut","M","M_SumAut"
"Prionace glauca",18.275,42.05,"SumAut","M","M_SumAut"
"Prionace glauca",18.275,42.05,"SumAut","M","M_SumAut"
"Prionace glauca",18.3,42.05,"SumAut","M","M_SumAut"
"Prionace glauca",18.3,42.05,"SumAut","M","M_SumAut"
"Prionace glauca",18.3,42.05,"SumAut","M","M_SumAut"
"Prionace glauca",18.3,42.05,"SumAut","M","M_SumAut"
"Prionace glauca",18.3,42.05,"SumAut","M","M_SumAut"
"Prionace glauca",18.325,42.05,"SumAut","M","M_SumAut"
"Prionace glauca",18.375,42.075,"SumAut","M","M_SumAut"
"Prionace glauca",18.375,42.075,"SumAut","M","M_SumAut"
"Prionace glauca",18.375,42.075,"SumAut","M","M_SumAut"
"Prionace glauca",18.35,42.075,"SumAut","M","M_SumAut"
"Prionace glauca",18.35,42.075,"SumAut","M","M_SumAut"
"Prionace glauca",18.325,42.075,"SumAut","M","M_SumAut"
"Prionace glauca",18.3,42.025,"SumAut","M","M_SumAut"
"Prionace glauca",18.275,41.975,"SumAut","M","M_SumAut"
"Prionace glauca",18.275,41.975,"SumAut","M","M_SumAut"
"Prionace glauca",18.275,41.975,"SumAut","M","M_SumAut"
"Prionace glauca",18.175,42,"SumAut","M","M_SumAut"
"Prionace glauca",18.175,42,"SumAut","M","M_SumAut"
"Prionace glauca",18.125,41.95,"SumAut","M","M_SumAut"
"Prionace glauca",18.05,41.875,"SumAut","M","M_SumAut"
"Prionace glauca",17.95,41.85,"SumAut","M","M_SumAut"
"Prionace glauca",17.85,41.825,"SumAut","M","M_SumAut"
"Prionace glauca",17.85,41.825,"SumAut","M","M_SumAut"
"Prionace glauca",17.825,41.825,"SumAut","M","M_SumAut"
"Prionace glauca",17.825,41.825,"SumAut","M","M_SumAut"
"Prionace glauca",17.825,41.825,"SumAut","M","M_SumAut"
"Prionace glauca",17.8,41.8,"SumAut","M","M_SumAut"
"Prionace glauca",17.75,41.725,"SumAut","M","M_SumAut"
"Prionace glauca",17.725,41.725,"SumAut","M","M_SumAut"
"Prionace glauca",17.725,41.725,"SumAut","M","M_SumAut"
"Prionace glauca",17.7,41.725,"SumAut","M","M_SumAut"
"Prionace glauca",17.7,41.725,"SumAut","M","M_SumAut"
"Prionace glauca",17.7,41.7,"SumAut","M","M_SumAut"
"Prionace glauca",17.675,41.675,"SumAut","M","M_SumAut"
"Prionace glauca",17.65,41.65,"SumAut","M","M_SumAut"
"Prionace glauca",17.65,41.65,"SumAut","M","M_SumAut"
"Prionace glauca",17.65,41.65,"SumAut","M","M_SumAut"
"Prionace glauca",17.65,41.65,"SumAut","M","M_SumAut"
"Prionace glauca",17.65,41.65,"SumAut","M","M_SumAut"
"Prionace glauca",17.65,41.65,"SumAut","M","M_SumAut"
"Prionace glauca",17.625,41.65,"SumAut","M","M_SumAut"
"Prionace glauca",17.625,41.65,"SumAut","M","M_SumAut"
"Prionace glauca",17.625,41.65,"SumAut","M","M_SumAut"
"Prionace glauca",17.625,41.65,"SumAut","M","M_SumAut"
"Prionace glauca",17.625,41.65,"SumAut","M","M_SumAut"
"Prionace glauca",17.625,41.65,"SumAut","M","M_SumAut"
"Prionace glauca",17.625,41.625,"SumAut","M","M_SumAut"
"Prionace glauca",17.65,41.625,"SumAut","M","M_SumAut"
"Prionace glauca",17.65,41.625,"SumAut","M","M_SumAut"
"Prionace glauca",17.65,41.625,"SumAut","M","M_SumAut"
"Prionace glauca",17.65,41.625,"SumAut","M","M_SumAut"
"Prionace glauca",17.65,41.625,"SumAut","M","M_SumAut"
"Prionace glauca",17.65,41.625,"SumAut","M","M_SumAut"
"Prionace glauca",17.675,41.65,"SumAut","M","M_SumAut"
"Prionace glauca",17.675,41.65,"SumAut","M","M_SumAut"
"Prionace glauca",17.675,41.65,"SumAut","M","M_SumAut"
"Prionace glauca",17.7,41.65,"SumAut","M","M_SumAut"
"Prionace glauca",17.7,41.65,"SumAut","M","M_SumAut"
"Prionace glauca",17.7,41.65,"SumAut","M","M_SumAut"
"Prionace glauca",17.725,41.65,"SumAut","M","M_SumAut"
"Prionace glauca",17.775,41.675,"SumAut","M","M_SumAut"
"Prionace glauca",17.775,41.675,"SumAut","M","M_SumAut"
"Prionace glauca",17.775,41.675,"SumAut","M","M_SumAut"
"Prionace glauca",17.775,41.675,"SumAut","M","M_SumAut"
"Prionace glauca",17.775,41.675,"SumAut","M","M_SumAut"
"Prionace glauca",17.775,41.7,"SumAut","M","M_SumAut"
"Prionace glauca",17.75,41.775,"SumAut","M","M_SumAut"
"Prionace glauca",17.7,41.825,"SumAut","M","M_SumAut"
"Prionace glauca",17.7,41.825,"SumAut","M","M_SumAut"
"Prionace glauca",17.7,41.825,"SumAut","M","M_SumAut"
"Prionace glauca",17.725,41.825,"SumAut","M","M_SumAut"
"Prionace glauca",17.725,41.825,"SumAut","M","M_SumAut"
"Prionace glauca",17.725,41.825,"SumAut","M","M_SumAut"
"Prionace glauca",17.7,41.825,"SumAut","M","M_SumAut"
"Prionace glauca",17.7,41.825,"SumAut","M","M_SumAut"
"Prionace glauca",17.675,41.85,"SumAut","M","M_SumAut"
"Prionace glauca",17.675,41.85,"SumAut","M","M_SumAut"
"Prionace glauca",17.675,41.85,"SumAut","M","M_SumAut"
"Prionace glauca",17.675,41.85,"SumAut","M","M_SumAut"
"Prionace glauca",17.675,41.85,"SumAut","M","M_SumAut"
"Prionace glauca",17.65,41.85,"SumAut","M","M_SumAut"
"Prionace glauca",17.625,41.825,"SumAut","M","M_SumAut"
"Prionace glauca",17.575,41.825,"SumAut","M","M_SumAut"
"Prionace glauca",17.575,41.825,"SumAut","M","M_SumAut"
"Prionace glauca",17.575,41.825,"SumAut","M","M_SumAut"
"Prionace glauca",17.575,41.825,"SumAut","M","M_SumAut"
"Prionace glauca",17.575,41.825,"SumAut","M","M_SumAut"
"Prionace glauca",17.575,41.825,"SumAut","M","M_SumAut"
"Prionace glauca",17.575,41.825,"SumAut","M","M_SumAut"
"Prionace glauca",17.575,41.825,"SumAut","M","M_SumAut"
"Prionace glauca",17.575,41.825,"SumAut","M","M_SumAut"
"Prionace glauca",17.575,41.825,"SumAut","M","M_SumAut"
"Prionace glauca",17.575,41.825,"SumAut","M","M_SumAut"
"Prionace glauca",17.575,41.825,"SumAut","M","M_SumAut"
"Prionace glauca",17.575,41.825,"SumAut","M","M_SumAut"
"Prionace glauca",17.575,41.825,"SumAut","M","M_SumAut"
"Prionace glauca",17.575,41.825,"SumAut","M","M_SumAut"
"Prionace glauca",17.575,41.825,"SumAut","M","M_SumAut"
"Prionace glauca",17.575,41.825,"SumAut","M","M_SumAut"
"Prionace glauca",17.6,41.825,"SumAut","M","M_SumAut"
"Prionace glauca",17.6,41.825,"SumAut","M","M_SumAut"
"Prionace glauca",17.6,41.825,"SumAut","M","M_SumAut"
"Prionace glauca",17.625,41.8,"SumAut","M","M_SumAut"
"Prionace glauca",17.625,41.8,"SumAut","M","M_SumAut"
"Prionace glauca",17.625,41.8,"SumAut","M","M_SumAut"
"Prionace glauca",17.625,41.8,"SumAut","M","M_SumAut"
"Prionace glauca",17.625,41.8,"SumAut","M","M_SumAut"
"Prionace glauca",17.65,41.8,"SumAut","M","M_SumAut"
"Prionace glauca",17.675,41.75,"SumAut","M","M_SumAut"
"Prionace glauca",17.7,41.725,"SumAut","M","M_SumAut"
"Prionace glauca",17.7,41.725,"SumAut","M","M_SumAut"
"Prionace glauca",17.7,41.725,"SumAut","M","M_SumAut"
"Prionace glauca",17.7,41.7,"SumAut","M","M_SumAut"
"Prionace glauca",17.7,41.7,"SumAut","M","M_SumAut"
"Prionace glauca",17.725,41.675,"SumAut","M","M_SumAut"
"Prionace glauca",17.775,41.65,"SumAut","M","M_SumAut"
"Prionace glauca",17.8,41.625,"SumAut","M","M_SumAut"
"Prionace glauca",17.8,41.625,"SumAut","M","M_SumAut"
"Prionace glauca",17.8,41.625,"SumAut","M","M_SumAut"
"Prionace glauca",17.825,41.625,"SumAut","M","M_SumAut"
"Prionace glauca",17.825,41.625,"SumAut","M","M_SumAut"
"Prionace glauca",17.85,41.625,"SumAut","M","M_SumAut"
"Prionace glauca",17.85,41.625,"SumAut","M","M_SumAut"
"Prionace glauca",17.85,41.625,"SumAut","M","M_SumAut"
"Prionace glauca",17.875,41.625,"SumAut","M","M_SumAut"
"Prionace glauca",17.875,41.625,"SumAut","M","M_SumAut"
"Prionace glauca",17.875,41.625,"SumAut","M","M_SumAut"
"Prionace glauca",17.925,41.625,"SumAut","M","M_SumAut"
"Prionace glauca",17.95,41.6,"SumAut","M","M_SumAut"
"Prionace glauca",17.95,41.6,"SumAut","M","M_SumAut"
"Prionace glauca",17.95,41.6,"SumAut","M","M_SumAut"
"Prionace glauca",18,41.6,"SumAut","M","M_SumAut"
"Prionace glauca",18,41.6,"SumAut","M","M_SumAut"
"Prionace glauca",18.05,41.6,"SumAut","M","M_SumAut"
"Prionace glauca",18.1,41.575,"SumAut","M","M_SumAut"
"Prionace glauca",18.125,41.575,"SumAut","M","M_SumAut"
"Prionace glauca",18.125,41.575,"SumAut","M","M_SumAut"
"Prionace glauca",18.15,41.575,"SumAut","M","M_SumAut"
"Prionace glauca",18.15,41.575,"SumAut","M","M_SumAut"
"Prionace glauca",18.15,41.575,"SumAut","M","M_SumAut"
"Prionace glauca",18.15,41.55,"SumAut","M","M_SumAut"
"Prionace glauca",18.175,41.425,"SumAut","M","M_SumAut"
"Prionace glauca",18.175,41.375,"SumAut","M","M_SumAut"
"Prionace glauca",18.175,41.375,"SumAut","M","M_SumAut"
"Prionace glauca",18.175,41.375,"SumAut","M","M_SumAut"
"Prionace glauca",18.175,41.375,"SumAut","M","M_SumAut"
"Prionace glauca",18.175,41.375,"SumAut","M","M_SumAut"
"Prionace glauca",18.2,41.35,"SumAut","M","M_SumAut"
"Prionace glauca",18.2,41.3,"SumAut","M","M_SumAut"
"Prionace glauca",18.275,41.2,"SumAut","M","M_SumAut"
"Prionace glauca",18.3,41.15,"SumAut","M","M_SumAut"
"Prionace glauca",18.3,41.15,"SumAut","M","M_SumAut"
"Prionace glauca",18.3,41.15,"SumAut","M","M_SumAut"
"Prionace glauca",18.3,41.15,"SumAut","M","M_SumAut"
"Prionace glauca",18.3,41.15,"SumAut","M","M_SumAut"
"Prionace glauca",18.3,41.1,"SumAut","M","M_SumAut"
"Prionace glauca",18.325,41.025,"SumAut","M","M_SumAut"
"Prionace glauca",18.325,41.025,"SumAut","M","M_SumAut"
"Prionace glauca",18.325,41.025,"SumAut","M","M_SumAut"
"Prionace glauca",18.325,41,"SumAut","M","M_SumAut"
"Prionace glauca",18.35,41,"SumAut","M","M_SumAut"
"Prionace glauca",18.35,40.95,"SumAut","M","M_SumAut"
"Prionace glauca",18.4,40.875,"SumAut","M","M_SumAut"
"Prionace glauca",18.475,40.8,"SumAut","M","M_SumAut"
"Prionace glauca",18.475,40.8,"SumAut","M","M_SumAut"
"Prionace glauca",18.475,40.8,"SumAut","M","M_SumAut"
"Prionace glauca",18.55,40.725,"SumAut","M","M_SumAut"
"Prionace glauca",18.55,40.725,"SumAut","M","M_SumAut"
"Prionace glauca",18.6,40.7,"SumAut","M","M_SumAut"
"Prionace glauca",18.65,40.625,"SumAut","M","M_SumAut"
"Prionace glauca",18.825,40.6,"SumAut","M","M_SumAut"
"Prionace glauca",18.85,40.6,"SumAut","M","M_SumAut"
"Prionace glauca",18.85,40.6,"SumAut","M","M_SumAut"
"Prionace glauca",18.85,40.575,"SumAut","M","M_SumAut"
"Prionace glauca",18.85,40.575,"SumAut","M","M_SumAut"
"Prionace glauca",18.85,40.525,"SumAut","M","M_SumAut"
"Prionace glauca",18.85,40.375,"SumAut","M","M_SumAut"
"Prionace glauca",18.875,40.25,"SumAut","M","M_SumAut"
"Prionace glauca",18.875,40.25,"SumAut","M","M_SumAut"
"Prionace glauca",18.875,40.25,"SumAut","M","M_SumAut"
"Prionace glauca",18.85,40.2,"SumAut","M","M_SumAut"
"Prionace glauca",18.85,40.2,"SumAut","M","M_SumAut"
"Prionace glauca",18.825,40.125,"SumAut","M","M_SumAut"
"Prionace glauca",18.7,39.925,"SumAut","M","M_SumAut"
"Prionace glauca",18.675,39.875,"SumAut","M","M_SumAut"
"Prionace glauca",18.65,39.825,"SumAut","M","M_SumAut"
"Prionace glauca",18.65,39.825,"SumAut","M","M_SumAut"
"Prionace glauca",18.625,39.825,"SumAut","M","M_SumAut"
"Prionace glauca",18.625,39.85,"SumAut","M","M_SumAut"
"Prionace glauca",18.625,39.85,"SumAut","M","M_SumAut"
"Prionace glauca",18.625,39.825,"SumAut","M","M_SumAut"
"Prionace glauca",18.425,39.625,"SumAut","M","M_SumAut"
"Prionace glauca",18.375,39.6,"SumAut","M","M_SumAut"
"Prionace glauca",18.375,39.6,"SumAut","M","M_SumAut"
"Prionace glauca",18.3,39.575,"SumAut","M","M_SumAut"
"Prionace glauca",18.275,39.575,"SumAut","M","M_SumAut"
"Prionace glauca",18.275,39.575,"SumAut","M","M_SumAut"
"Prionace glauca",18.175,39.55,"SumAut","M","M_SumAut"
"Prionace glauca",18.05,39.4,"SumAut","M","M_SumAut"
"Prionace glauca",18.025,39.4,"SumAut","M","M_SumAut"
"Prionace glauca",18.025,39.4,"SumAut","M","M_SumAut"
"Prionace glauca",17.95,39.4,"SumAut","M","M_SumAut"
"Prionace glauca",17.95,39.4,"SumAut","M","M_SumAut"
"Prionace glauca",17.875,39.4,"SumAut","M","M_SumAut"
"Prionace glauca",17.725,39.375,"SumAut","M","M_SumAut"
"Prionace glauca",17.625,39.35,"SumAut","M","M_SumAut"
"Prionace glauca",17.6,39.35,"SumAut","M","M_SumAut"
"Prionace glauca",17.6,39.35,"SumAut","M","M_SumAut"
"Prionace glauca",17.575,39.35,"SumAut","M","M_SumAut"
"Prionace glauca",17.575,39.35,"SumAut","M","M_SumAut"
"Prionace glauca",17.55,39.325,"SumAut","M","M_SumAut"
"Prionace glauca",17.5,39.3,"SumAut","M","M_SumAut"
"Prionace glauca",17.425,39.225,"SumAut","M","M_SumAut"
"Prionace glauca",17.4,39.175,"SumAut","M","M_SumAut"
"Prionace glauca",17.375,39.15,"SumAut","M","M_SumAut"
"Prionace glauca",17.375,39.15,"SumAut","M","M_SumAut"
"Prionace glauca",17.375,39.15,"SumAut","M","M_SumAut"
"Prionace glauca",17.375,39.15,"SumAut","M","M_SumAut"
"Prionace glauca",17.375,39.15,"SumAut","M","M_SumAut"
"Prionace glauca",17.4,41.125,"SumAut","M","M_SumAut"
"Prionace glauca",17.4,41.125,"SumAut","M","M_SumAut"
"Prionace glauca",17.575,41.1,"SumAut","M","M_SumAut"
"Prionace glauca",17.575,41.1,"SumAut","M","M_SumAut"
"Prionace glauca",17.575,41.1,"SumAut","M","M_SumAut"
"Prionace glauca",17.625,41.075,"SumAut","M","M_SumAut"
"Prionace glauca",17.625,41.075,"SumAut","M","M_SumAut"
"Prionace glauca",17.65,41.075,"SumAut","M","M_SumAut"
"Prionace glauca",17.65,41.075,"SumAut","M","M_SumAut"
"Prionace glauca",17.7,41.075,"SumAut","M","M_SumAut"
"Prionace glauca",17.7,41.075,"SumAut","M","M_SumAut"
"Prionace glauca",17.75,41.075,"SumAut","M","M_SumAut"
"Prionace glauca",17.875,40.975,"SumAut","M","M_SumAut"
"Prionace glauca",17.925,40.9,"SumAut","M","M_SumAut"
"Prionace glauca",17.925,40.9,"SumAut","M","M_SumAut"
"Prionace glauca",17.975,40.9,"SumAut","M","M_SumAut"
"Prionace glauca",17.975,40.9,"SumAut","M","M_SumAut"
"Prionace glauca",17.975,40.9,"SumAut","M","M_SumAut"
"Prionace glauca",18.125,40.85,"SumAut","M","M_SumAut"
"Prionace glauca",18.275,40.7,"SumAut","M","M_SumAut"
"Prionace glauca",18.35,40.625,"SumAut","M","M_SumAut"
"Prionace glauca",18.35,40.625,"SumAut","M","M_SumAut"
"Prionace glauca",18.35,40.625,"SumAut","M","M_SumAut"
"Prionace glauca",18.35,40.625,"SumAut","M","M_SumAut"
"Prionace glauca",18.35,40.625,"SumAut","M","M_SumAut"
"Prionace glauca",18.4,40.55,"SumAut","M","M_SumAut"
"Prionace glauca",18.575,40.325,"SumAut","M","M_SumAut"
"Prionace glauca",18.625,40.175,"SumAut","M","M_SumAut"
"Prionace glauca",18.625,40.075,"SumAut","M","M_SumAut"
"Prionace glauca",18.625,40.075,"SumAut","M","M_SumAut"
"Prionace glauca",18.625,40.075,"SumAut","M","M_SumAut"
"Prionace glauca",18.625,40.075,"SumAut","M","M_SumAut"
"Prionace glauca",18.625,40.025,"SumAut","M","M_SumAut"
"Prionace glauca",18.625,40.025,"SumAut","M","M_SumAut"
"Prionace glauca",18.625,40,"SumAut","M","M_SumAut"
"Prionace glauca",18.625,40,"SumAut","M","M_SumAut"
"Prionace glauca",18.625,40,"SumAut","M","M_SumAut"
"Prionace glauca",18.625,39.875,"SumAut","M","M_SumAut"
"Prionace glauca",18.6,39.775,"SumAut","M","M_SumAut"
"Prionace glauca",18.6,39.775,"SumAut","M","M_SumAut"
"Prionace glauca",18.6,39.775,"SumAut","M","M_SumAut"
"Prionace glauca",18.6,39.8,"SumAut","M","M_SumAut"
"Prionace glauca",18.6,39.8,"SumAut","M","M_SumAut"
"Prionace glauca",18.6,39.8,"SumAut","M","M_SumAut"
"Prionace glauca",18.55,39.7,"SumAut","M","M_SumAut"
"Prionace glauca",18.475,39.625,"SumAut","M","M_SumAut"
"Prionace glauca",18.4,39.6,"SumAut","M","M_SumAut"
"Prionace glauca",18.35,39.6,"SumAut","M","M_SumAut"
"Prionace glauca",18.275,39.575,"SumAut","M","M_SumAut"
"Prionace glauca",18.2,39.55,"SumAut","M","M_SumAut"
"Prionace glauca",18.2,39.55,"SumAut","M","M_SumAut"
"Prionace glauca",18.2,39.55,"SumAut","M","M_SumAut"
"Prionace glauca",18.175,39.55,"SumAut","M","M_SumAut"
"Prionace glauca",18.175,39.55,"SumAut","M","M_SumAut"
"Prionace glauca",18.175,39.55,"SumAut","M","M_SumAut"
"Prionace glauca",18.1,39.475,"SumAut","M","M_SumAut"
"Prionace glauca",18.075,39.425,"SumAut","M","M_SumAut"
"Prionace glauca",18.075,39.425,"SumAut","M","M_SumAut"
"Prionace glauca",18.075,39.425,"SumAut","M","M_SumAut"
"Prionace glauca",18.075,39.425,"SumAut","M","M_SumAut"
"Prionace glauca",18.075,39.425,"SumAut","M","M_SumAut"
"Prionace glauca",18.05,39.425,"SumAut","M","M_SumAut"
"Prionace glauca",18,39.4,"SumAut","M","M_SumAut"
"Prionace glauca",17.95,39.375,"SumAut","M","M_SumAut"
"Prionace glauca",17.95,39.375,"SumAut","M","M_SumAut"
"Prionace glauca",17.95,39.375,"SumAut","M","M_SumAut"
"Prionace glauca",17.95,39.375,"SumAut","M","M_SumAut"
"Prionace glauca",17.95,39.375,"SumAut","M","M_SumAut"
"Prionace glauca",17.95,39.375,"SumAut","M","M_SumAut"
"Prionace glauca",17.9,39.35,"SumAut","M","M_SumAut"
"Prionace glauca",17.875,39.35,"SumAut","M","M_SumAut"
"Prionace glauca",17.875,39.35,"SumAut","M","M_SumAut"
"Prionace glauca",17.875,39.35,"SumAut","M","M_SumAut"
"Prionace glauca",17.875,39.35,"SumAut","M","M_SumAut"
"Prionace glauca",17.875,39.35,"SumAut","M","M_SumAut"
"Prionace glauca",17.875,39.35,"SumAut","M","M_SumAut"
"Prionace glauca",17.825,39.325,"SumAut","M","M_SumAut"
"Prionace glauca",17.8,39.325,"SumAut","M","M_SumAut"
"Prionace glauca",17.725,39.3,"SumAut","M","M_SumAut"
"Prionace glauca",17.675,39.3,"SumAut","M","M_SumAut"
"Prionace glauca",17.675,39.3,"SumAut","M","M_SumAut"
"Prionace glauca",17.675,39.3,"SumAut","M","M_SumAut"
"Prionace glauca",17.675,39.3,"SumAut","M","M_SumAut"
"Prionace glauca",17.65,39.275,"SumAut","M","M_SumAut"
"Prionace glauca",17.625,39.25,"SumAut","M","M_SumAut"
"Prionace glauca",17.6,39.225,"SumAut","M","M_SumAut"
"Prionace glauca",17.6,39.225,"SumAut","M","M_SumAut"
"Prionace glauca",17.6,39.225,"SumAut","M","M_SumAut"
"Prionace glauca",17.6,39.225,"SumAut","M","M_SumAut"
"Prionace glauca",17.6,39.225,"SumAut","M","M_SumAut"
"Prionace glauca",17.575,39.2,"SumAut","M","M_SumAut"
"Prionace glauca",17.525,39.175,"SumAut","M","M_SumAut"
"Prionace glauca",17.5,39.175,"SumAut","M","M_SumAut"
"Prionace glauca",17.5,39.175,"SumAut","M","M_SumAut"
"Prionace glauca",17.5,39.175,"SumAut","M","M_SumAut"
"Prionace glauca",17.5,39.175,"SumAut","M","M_SumAut"
"Prionace glauca",17.5,39.175,"SumAut","M","M_SumAut"
"Prionace glauca",17.45,39.15,"SumAut","M","M_SumAut"
"Prionace glauca",17.45,39.15,"SumAut","M","M_SumAut"
"Prionace glauca",17.45,39.15,"SumAut","M","M_SumAut"
"Prionace glauca",17.45,39.15,"SumAut","M","M_SumAut"
"Prionace glauca",17.45,39.15,"SumAut","M","M_SumAut"
"Prionace glauca",17.425,39.15,"SumAut","M","M_SumAut"
"Prionace glauca",17.4,39.125,"SumAut","M","M_SumAut"
"Prionace glauca",17.375,39.1,"SumAut","M","M_SumAut"
"Prionace glauca",17.375,39.1,"SumAut","M","M_SumAut"
"Prionace glauca",17.375,39.1,"SumAut","M","M_SumAut"
"Prionace glauca",17.375,39.1,"SumAut","M","M_SumAut"
"Prionace glauca",17.375,39.1,"SumAut","M","M_SumAut"
"Prionace glauca",17.375,39.1,"SumAut","M","M_SumAut"
"Prionace glauca",17.35,39.075,"SumAut","M","M_SumAut"
"Prionace glauca",17.3,39.025,"SumAut","M","M_SumAut"
"Prionace glauca",17.2,38.95,"SumAut","M","M_SumAut"
"Prionace glauca",17.2,38.95,"SumAut","M","M_SumAut"
"Prionace glauca",17.2,38.95,"SumAut","M","M_SumAut"
"Prionace glauca",17.2,38.95,"SumAut","M","M_SumAut"
"Prionace glauca",17.2,38.95,"SumAut","M","M_SumAut"
"Prionace glauca",17.2,38.95,"SumAut","M","M_SumAut"
"Prionace glauca",17.15,38.925,"SumAut","M","M_SumAut"
"Prionace glauca",17.15,38.925,"SumAut","M","M_SumAut"
"Prionace glauca",17.15,38.925,"SumAut","M","M_SumAut"
"Prionace glauca",17.15,38.925,"SumAut","M","M_SumAut"
"Prionace glauca",17.15,38.925,"SumAut","M","M_SumAut"
"Prionace glauca",17.15,38.925,"SumAut","M","M_SumAut"
"Prionace glauca",17.125,38.9,"SumAut","M","M_SumAut"
"Prionace glauca",17.125,38.9,"SumAut","M","M_SumAut"
"Prionace glauca",17.125,38.9,"SumAut","M","M_SumAut"
"Prionace glauca",17.125,38.9,"SumAut","M","M_SumAut"
"Prionace glauca",17.125,38.9,"SumAut","M","M_SumAut"
"Prionace glauca",17.125,38.9,"SumAut","M","M_SumAut"
"Prionace glauca",17.125,38.9,"SumAut","M","M_SumAut"
"Prionace glauca",17.1,38.875,"SumAut","M","M_SumAut"
"Prionace glauca",17.1,38.875,"SumAut","M","M_SumAut"
"Prionace glauca",17.1,38.875,"SumAut","M","M_SumAut"
"Prionace glauca",17.1,38.875,"SumAut","M","M_SumAut"
"Prionace glauca",17.1,38.875,"SumAut","M","M_SumAut"
"Prionace glauca",17.1,38.875,"SumAut","M","M_SumAut"
"Prionace glauca",17.1,38.875,"SumAut","M","M_SumAut"
"Prionace glauca",17.1,38.875,"SumAut","M","M_SumAut"
"Prionace glauca",17.075,38.85,"SumAut","M","M_SumAut"
"Prionace glauca",17.075,38.85,"SumAut","M","M_SumAut"
"Prionace glauca",17.075,38.85,"SumAut","M","M_SumAut"
"Prionace glauca",17.075,38.85,"SumAut","M","M_SumAut"
"Prionace glauca",17.075,38.85,"SumAut","M","M_SumAut"
"Prionace glauca",17.05,38.85,"SumAut","M","M_SumAut"
"Prionace glauca",17.05,38.85,"SumAut","M","M_SumAut"
"Prionace glauca",17.05,38.85,"SumAut","M","M_SumAut"
"Prionace glauca",17.05,38.85,"SumAut","M","M_SumAut"
"Prionace glauca",17.05,38.85,"SumAut","M","M_SumAut"
"Prionace glauca",17.05,38.85,"SumAut","M","M_SumAut"
"Prionace glauca",17.025,38.825,"SumAut","M","M_SumAut"
"Prionace glauca",17.025,38.825,"SumAut","M","M_SumAut"
"Prionace glauca",17.025,38.825,"SumAut","M","M_SumAut"
"Prionace glauca",17,38.825,"SumAut","M","M_SumAut"
"Prionace glauca",17,38.825,"SumAut","M","M_SumAut"
"Prionace glauca",17,38.825,"SumAut","M","M_SumAut"
"Prionace glauca",17,38.825,"SumAut","M","M_SumAut"
"Prionace glauca",16.975,38.8,"SumAut","M","M_SumAut"
"Prionace glauca",16.975,38.8,"SumAut","M","M_SumAut"
"Prionace glauca",16.975,38.8,"SumAut","M","M_SumAut"
"Prionace glauca",16.975,38.8,"SumAut","M","M_SumAut"
"Prionace glauca",16.975,38.8,"SumAut","M","M_SumAut"
"Prionace glauca",16.975,38.8,"SumAut","M","M_SumAut"
"Prionace glauca",16.95,38.775,"SumAut","M","M_SumAut"
"Prionace glauca",16.925,38.75,"SumAut","M","M_SumAut"
"Prionace glauca",16.925,38.75,"SumAut","M","M_SumAut"
"Prionace glauca",16.925,38.75,"SumAut","M","M_SumAut"
"Prionace glauca",16.925,38.75,"SumAut","M","M_SumAut"
"Prionace glauca",16.925,38.75,"SumAut","M","M_SumAut"
"Prionace glauca",16.925,38.75,"SumAut","M","M_SumAut"
"Prionace glauca",16.925,38.7,"SumAut","M","M_SumAut"
"Prionace glauca",16.9,38.675,"SumAut","M","M_SumAut"
"Prionace glauca",16.9,38.675,"SumAut","M","M_SumAut"
"Prionace glauca",16.9,38.675,"SumAut","M","M_SumAut"
"Prionace glauca",16.9,38.675,"SumAut","M","M_SumAut"
"Prionace glauca",16.9,38.675,"SumAut","M","M_SumAut"
"Prionace glauca",16.9,38.65,"SumAut","M","M_SumAut"
"Prionace glauca",16.9,38.65,"SumAut","M","M_SumAut"
"Prionace glauca",16.9,38.625,"SumAut","M","M_SumAut"
"Prionace glauca",16.9,38.625,"SumAut","M","M_SumAut"
"Prionace glauca",16.9,38.625,"SumAut","M","M_SumAut"
"Prionace glauca",16.9,38.625,"SumAut","M","M_SumAut"
"Prionace glauca",16.9,38.625,"SumAut","M","M_SumAut"
"Prionace glauca",16.9,38.625,"SumAut","M","M_SumAut"
"Prionace glauca",16.9,38.625,"SumAut","M","M_SumAut"
"Prionace glauca",16.875,38.6,"SumAut","M","M_SumAut"
"Prionace glauca",16.875,38.6,"SumAut","M","M_SumAut"
"Prionace glauca",16.875,38.6,"SumAut","M","M_SumAut"
"Prionace glauca",16.875,38.6,"SumAut","M","M_SumAut"
"Prionace glauca",16.875,38.6,"SumAut","M","M_SumAut"
"Prionace glauca",16.875,38.6,"SumAut","M","M_SumAut"
"Prionace glauca",16.875,38.6,"SumAut","M","M_SumAut"
"Prionace glauca",16.875,38.6,"SumAut","M","M_SumAut"
"Prionace glauca",16.875,38.6,"SumAut","M","M_SumAut"
"Prionace glauca",16.875,38.6,"SumAut","M","M_SumAut"
"Prionace glauca",16.875,38.6,"SumAut","M","M_SumAut"
"Prionace glauca",16.875,38.6,"SumAut","M","M_SumAut"
"Prionace glauca",16.875,38.575,"SumAut","M","M_SumAut"
"Prionace glauca",16.85,38.575,"SumAut","M","M_SumAut"
"Prionace glauca",16.85,38.55,"SumAut","M","M_SumAut"
"Prionace glauca",16.85,38.55,"SumAut","M","M_SumAut"
"Prionace glauca",16.85,38.55,"SumAut","M","M_SumAut"
"Prionace glauca",16.85,38.55,"SumAut","M","M_SumAut"
"Prionace glauca",16.85,38.55,"SumAut","M","M_SumAut"
"Prionace glauca",16.85,38.55,"SumAut","M","M_SumAut"
"Prionace glauca",16.825,38.525,"SumAut","M","M_SumAut"
"Prionace glauca",16.825,38.475,"SumAut","M","M_SumAut"
"Prionace glauca",16.8,38.425,"SumAut","M","M_SumAut"
"Prionace glauca",16.75,38.375,"SumAut","M","M_SumAut"
"Prionace glauca",16.75,38.375,"SumAut","M","M_SumAut"
"Prionace glauca",16.75,38.375,"SumAut","M","M_SumAut"
"Prionace glauca",16.75,38.375,"SumAut","M","M_SumAut"
"Prionace glauca",16.75,38.375,"SumAut","M","M_SumAut"
"Prionace glauca",16.7,38.3,"SumAut","M","M_SumAut"
"Prionace glauca",16.7,38.3,"SumAut","M","M_SumAut"
"Prionace glauca",16.7,38.3,"SumAut","M","M_SumAut"
"Prionace glauca",16.7,38.3,"SumAut","M","M_SumAut"
"Prionace glauca",16.7,38.3,"SumAut","M","M_SumAut"
"Prionace glauca",16.675,38.275,"SumAut","M","M_SumAut"
"Prionace glauca",16.65,38.225,"SumAut","M","M_SumAut"
"Prionace glauca",16.65,38.2,"SumAut","M","M_SumAut"
"Prionace glauca",16.65,38.2,"SumAut","M","M_SumAut"
"Prionace glauca",16.65,38.2,"SumAut","M","M_SumAut"
"Prionace glauca",16.65,38.2,"SumAut","M","M_SumAut"
"Prionace glauca",16.65,38.2,"SumAut","M","M_SumAut"
"Prionace glauca",16.65,38.2,"SumAut","M","M_SumAut"
"Prionace glauca",16.65,38.2,"SumAut","M","M_SumAut"
"Prionace glauca",16.65,38.2,"SumAut","M","M_SumAut"
"Prionace glauca",16.65,38.2,"SumAut","M","M_SumAut"
"Prionace glauca",16.65,38.2,"SumAut","M","M_SumAut"
"Prionace glauca",16.65,38.2,"SumAut","M","M_SumAut"
"Prionace glauca",16.65,38.2,"SumAut","M","M_SumAut"
"Prionace glauca",16.65,38.175,"SumAut","M","M_SumAut"
"Prionace glauca",16.65,38.175,"SumAut","M","M_SumAut"
"Prionace glauca",16.65,38.175,"SumAut","M","M_SumAut"
"Prionace glauca",16.65,38.175,"SumAut","M","M_SumAut"
"Prionace glauca",16.65,38.175,"SumAut","M","M_SumAut"
"Prionace glauca",16.65,38.175,"SumAut","M","M_SumAut"
"Prionace glauca",16.65,38.175,"SumAut","M","M_SumAut"
"Prionace glauca",16.625,38.175,"SumAut","M","M_SumAut"
"Prionace glauca",16.625,38.175,"SumAut","M","M_SumAut"
"Prionace glauca",16.625,38.175,"SumAut","M","M_SumAut"
"Prionace glauca",16.625,38.175,"SumAut","M","M_SumAut"
"Prionace glauca",16.625,38.175,"SumAut","M","M_SumAut"
"Prionace glauca",16.625,38.175,"SumAut","M","M_SumAut"
"Prionace glauca",16.625,38.15,"SumAut","M","M_SumAut"
"Prionace glauca",16.625,38.15,"SumAut","M","M_SumAut"
"Prionace glauca",16.625,38.15,"SumAut","M","M_SumAut"
"Prionace glauca",16.625,38.15,"SumAut","M","M_SumAut"
"Prionace glauca",16.625,38.15,"SumAut","M","M_SumAut"
"Prionace glauca",16.625,38.15,"SumAut","M","M_SumAut"
"Prionace glauca",16.625,38.15,"SumAut","M","M_SumAut"
"Prionace glauca",16.625,38.125,"SumAut","M","M_SumAut"
"Prionace glauca",16.625,38.125,"SumAut","M","M_SumAut"
"Prionace glauca",16.625,38.125,"SumAut","M","M_SumAut"
"Prionace glauca",16.625,38.125,"SumAut","M","M_SumAut"
"Prionace glauca",16.625,38.125,"SumAut","M","M_SumAut"
"Prionace glauca",16.625,38.125,"SumAut","M","M_SumAut"
