"species","dd long","dd lat","sex"
"Prionace glauca",14.59,40.24,"F"
"Prionace glauca",9.19,41.11,"F"
"Prionace glauca",14.04,40.47,"F"
"Prionace glauca",15.25,39.59,"F"
"Prionace glauca",9.13,44.2,"F"
"Prionace glauca",10.5166666666667,43.0166666666667,"F"
"Prionace glauca",16.9333333333333,40.45,"F"
"Prionace glauca",16.1833333333333,38.9333333333333,"F"
"Prionace glauca",16.6166666666667,38.8166666666667,"F"
"Prionace glauca",18,39.9833333333333,"F"
"Prionace glauca",9.13333333333333,44.3166666666667,"F"
"Prionace glauca",16.7166666666667,40.1833333333333,"F"
"Prionace glauca",15.8,38.354,"F"
"Prionace glauca",15.2765,35.1445,"F"
"Prionace glauca",15.22355,34.94029,"F"
"Prionace glauca",15.26733,35.05055,"F"
"Prionace glauca",14.94765,34.75576,"F"
"Prionace glauca",14.98467,34.672,"F"
"Prionace glauca",15.2189,34.65121,"F"
"Prionace glauca",15.2189,34.65121,"F"
"Prionace glauca",14.86506,34.7913,"F"
"Prionace glauca",12.886,33.5313,"F"
"Prionace glauca",12.886,33.5313,"F"
"Prionace glauca",21.107,37.54613,"F"
"Prionace glauca",23.1,38.09,"F"
"Prionace glauca",20.231,38.54618,"F"
"Prionace glauca",20.231,38.54602,"F"
"Prionace glauca",24.516,34.902,"F"
"Prionace glauca",14.697559,42.788201,"F"
"Prionace glauca",14.697559,42.788201,"F"
"Prionace glauca",14.697559,42.788201,"F"
"Prionace glauca",14.697559,42.788201,"F"
"Prionace glauca",14.697559,42.788201,"F"
"Prionace glauca",14.697559,42.788201,"F"
"Prionace glauca",14.764936,43.237997,"F"
"Prionace glauca",14.764936,43.237997,"F"
"Prionace glauca",14.764936,43.237997,"F"
"Prionace glauca",14.764936,43.237997,"F"
"Prionace glauca",14.764936,43.237997,"F"
"Prionace glauca",16.31058,37.68925,"F"
"Prionace glauca",15.55664,37.48143,"F"
"Prionace glauca",15.47974,37.95719,"F"
"Prionace glauca",16.52,39.75,"F"
"Prionace glauca",16.18,38.14,"F"
"Prionace glauca",16.15,37.94,"F"
"Prionace glauca",14.52805,38.49874,"F"
"Prionace glauca",7.88777777,43.78083333,"F"
"Prionace glauca",8.44583333,43.80333333,"F"
"Prionace glauca",7.71527777,43.72944444,"F"
"Prionace glauca",8.81138888,44.16694444,"F"
"Prionace glauca",9.3225,43.28694444,"F"
"Prionace glauca",9.46249999,43.29888888,"F"
"Prionace glauca",9.48194444,43.30249999,"F"
"Prionace glauca",9.68694444,43.25916666,"F"
"Prionace glauca",9.56111111,43.365,"F"
"Prionace glauca",9.59305555,43.46972222,"F"
"Prionace glauca",9.47777777,43.40222222,"F"
"Prionace glauca",9.4475,43.38361111,"F"
"Prionace glauca",9.20916666,43.36861111,"F"
"Prionace glauca",31.31745,34.652333,"F"
"Prionace glauca",8.217383,43.528036,"F"
"Prionace glauca",8.217383,43.528036,"F"
"Prionace glauca",8.217383,43.528036,"F"
"Prionace glauca",8.217383,43.528036,"F"
"Prionace glauca",8.217383,43.528036,"F"
"Prionace glauca",8.217383,43.528036,"F"
"Prionace glauca",8.217383,43.528036,"F"
"Prionace glauca",8.217383,43.528036,"F"
"Prionace glauca",8.217383,43.528036,"F"
"Prionace glauca",8.217383,43.528036,"F"
"Prionace glauca",8.217383,43.528036,"F"
"Prionace glauca",8.217383,43.528036,"F"
"Prionace glauca",8.217383,43.528036,"F"
"Prionace glauca",8.217383,43.528036,"F"
"Prionace glauca",8.217383,43.528036,"F"
"Prionace glauca",8.217383,43.528036,"F"
"Prionace glauca",23.2037185,38.110201,"F"
"Prionace glauca",23.217187,38.109461,"F"
"Prionace glauca",23.273655,40.188235,"F"
"Prionace glauca",22.8064,40.2997,"F"
"Prionace glauca",23.881997,36.840658,"F"
"Prionace glauca",23.34,37.976,"F"
"Prionace glauca",10.159088,43.525728,"F"
"Prionace glauca",10.321201,43.320031,"F"
"Prionace glauca",10.52829,43.086386,"F"
"Prionace glauca",10.512928,43.099878,"F"
"Prionace glauca",10.272319,43.642154,"F"
"Prionace glauca",18.751038,42.188979,"F"
"Prionace glauca",19.1599,41.768171,"F"
"Prionace glauca",18.443728,42.204872,"F"
"Prionace glauca",19.056814,41.790402,"F"
"Prionace glauca",19.056814,41.790402,"F"
"Prionace glauca",18.810178,42.113995,"F"
"Prionace glauca",8.54722222222222,41.1625,"F"
"Prionace glauca",8.54722222222222,41.1625,"F"
"Prionace glauca",8.58972222222222,41.3002777777778,"F"
"Prionace glauca",18.6666666666667,41.0833333333333,"F"
"Prionace glauca",17.05,42.4166666666667,"F"
"Prionace glauca",16.8333333333333,42.25,"F"
"Prionace glauca",15.1666666666667,42.7333333333333,"F"
"Prionace glauca",15.2333333333333,42.7,"F"
"Prionace glauca",15.8333333333333,42.5833333333333,"F"
"Prionace glauca",17.1666666666667,41.6,"F"
"Prionace glauca",17.2,41.5333333333333,"F"
"Prionace glauca",17.1166666666667,41.9166666666667,"F"
"Prionace glauca",13.19171667,44.00706667,"F"
"Prionace glauca",13.25878333,44.09258333,"F"
"Prionace glauca",13.04765,44.1371,"F"
"Prionace glauca",13.15455,44.08198333,"F"
"Prionace glauca",13.15455,44.08198333,"F"
"Prionace glauca",12.89416667,45.00083333,"F"
"Prionace glauca",12.73813333,44.22711667,"F"
"Prionace glauca",12.76503333,44.57171667,"F"
"Prionace glauca",12.44403333,44.77715,"F"
"Prionace glauca",12.43793333,44.7724,"F"
"Prionace glauca",12.76,45.25,"F"
"Prionace glauca",12.65445,45.10646667,"F"
"Prionace glauca",12.67638889,44.26638889,"F"
"Prionace glauca",12.67638889,44.26638889,"F"
"Prionace glauca",12.67638889,44.26638889,"F"
"Prionace glauca",12.67638889,44.26638889,"F"
"Prionace glauca",12.59051667,45.03513333,"F"
"Prionace glauca",12.64403333,44.97408333,"F"
"Prionace glauca",12.65211667,44.88903333,"F"
"Prionace glauca",12.59051667,45.03513333,"F"
"Prionace glauca",12.48138333,44.65086667,"F"
"Prionace glauca",12.63828333,44.94371667,"F"
"Prionace glauca",12.63828333,44.94371667,"F"
"Prionace glauca",13.66583333,43.74001667,"F"
"Prionace glauca",12.94588333,45.34196667,"F"
"Prionace glauca",13.13431667,45.1876,"F"
"Prionace glauca",12.91528333,45.26161667,"F"
"Prionace glauca",12.91528333,45.26161667,"F"
"Prionace glauca",12.91528333,45.26161667,"F"
"Prionace glauca",12.80091667,45.3456,"F"
"Prionace glauca",12.92081667,45.45425,"F"
"Prionace glauca",12.92081667,45.45425,"F"
"Prionace glauca",12.71888333,45.23991667,"F"
"Prionace glauca",12.79773333,45.23021667,"F"
"Prionace glauca",12.79773333,45.23021667,"F"
"Prionace glauca",12.63031667,45.34658333,"F"
"Prionace glauca",12.63031667,45.34658333,"F"
"Prionace glauca",13.01368333,45.328,"F"
"Prionace glauca",12.6819,45.22303333,"F"
"Prionace glauca",12.6819,45.22303333,"F"
"Prionace glauca",12.6819,45.22303333,"F"
"Prionace glauca",12.6819,45.22303333,"F"
"Prionace glauca",12.94768333,45.16585,"F"
"Prionace glauca",12.94768333,45.16585,"F"
"Prionace glauca",12.6718,45.17488333,"F"
"Prionace glauca",12.6718,45.17488333,"F"
"Prionace glauca",12.66222222,45.10611111,"F"
"Prionace glauca",12.66222222,45.10611111,"F"
"Prionace glauca",12.66222222,45.10611111,"F"
"Prionace glauca",12.71027778,44.99083333,"F"
"Prionace glauca",12.71027778,44.99083333,"F"
"Prionace glauca",12.81472222,44.96972222,"F"
"Prionace glauca",12.81472222,44.96972222,"F"
"Prionace glauca",12.81472222,44.96972222,"F"
"Prionace glauca",12.59833333,44.775,"F"
"Prionace glauca",12.59833333,44.775,"F"
"Prionace glauca",12.51696667,44.82645,"F"
"Prionace glauca",12.51696667,44.82645,"F"
"Prionace glauca",12.51595,44.79895,"F"
"Prionace glauca",12.74365,44.88498333,"F"
"Prionace glauca",13.8791,44.03366667,"F"
"Prionace glauca",13.8791,44.03366667,"F"
"Prionace glauca",13.60421667,43.95806667,"F"
"Prionace glauca",13.64678333,43.74581167,"F"
"Prionace glauca",13.69865,43.90791667,"F"
"Prionace glauca",13.7388,43.871615,"F"
"Prionace glauca",13.64166667,43.80472222,"F"
"Prionace glauca",13.15613333,45.31456667,"F"
"Prionace glauca",13.0127,45.327135,"F"
"Prionace glauca",13.211,45.43606667,"F"
"Prionace glauca",13.21688333,45.26281667,"F"
"Prionace glauca",13.21688333,45.26281667,"F"
"Prionace glauca",12.78666667,45.32805556,"F"
"Prionace glauca",12.80027778,45.32555556,"F"
"Prionace glauca",12.88027778,44.98222222,"F"
"Prionace glauca",12.76833333,44.98805556,"F"
"Prionace glauca",12.47166667,44.55361111,"F"
"Prionace glauca",12.49391667,44.78555,"F"
"Prionace glauca",12.86751667,45.26531667,"F"
"Prionace glauca",12.8671667,45.2673,"F"
"Prionace glauca",12.8667,45.43141667,"F"
"Prionace glauca",12.8667,45.43141667,"F"
"Prionace glauca",12.86651667,45.26671667,"F"
"Prionace glauca",12.88033333,45.2505,"F"
"Prionace glauca",12.88033333,45.2505,"F"
"Prionace glauca",12.88033333,45.2505,"F"
"Prionace glauca",12.88033333,45.2505,"F"
"Prionace glauca",12.88033333,45.2505,"F"
"Prionace glauca",12.86718333,45.25391667,"F"
"Prionace glauca",13.20166667,45.41972222,"F"
"Prionace glauca",13.20166667,45.41972222,"F"
"Prionace glauca",12.88033333,45.2505,"F"
"Prionace glauca",12.88033333,45.2505,"F"
"Prionace glauca",12.88033333,45.2505,"F"
"Prionace glauca",12.88033333,45.2505,"F"
"Prionace glauca",12.88033333,45.2505,"F"
"Prionace glauca",12.88033333,45.2505,"F"
"Prionace glauca",12.86718333,45.25391667,"F"
"Prionace glauca",12.86718333,45.25391667,"F"
"Prionace glauca",13.65355,45.62828333,"F"
"Prionace glauca",13.22748333,45.26371667,"F"
"Prionace glauca",12.8774833333333,44.2066333333333,"F"
"Prionace glauca",12.8774833333333,44.2066333333333,"F"
"Prionace glauca",12.9259666666667,44.12115,"F"
"Prionace glauca",12.94235,44.1478,"F"
"Prionace glauca",13.0132166666667,45.3276,"F"
"Prionace glauca",13.0132166666667,45.3276,"F"
"Prionace glauca",13.0132166666667,45.3276,"F"
"Prionace glauca",13.0710666666667,45.44175,"F"
"Prionace glauca",13.0710666666667,45.44175,"F"
"Prionace glauca",13.0486333333333,45.2748833333333,"F"
"Prionace glauca",12.6369,45.1422333333333,"F"
"Prionace glauca",12.6369,45.1422333333333,"F"
"Prionace glauca",12.689,45.0746,"F"
"Prionace glauca",12.4859666666667,44.7133666666667,"F"
"Prionace glauca",12.5836833333333,44.6718166666667,"F"
"Prionace glauca",13.5754,45.614,"F"
"Prionace glauca",12.7936666666667,45.3500166666667,"F"
"Prionace glauca",12.5876666666667,45.1358833333333,"F"
"Prionace glauca",12.5876666666667,45.1358833333333,"F"
"Prionace glauca",12.5593,45.05905,"F"
"Prionace glauca",12.5188666666667,44.7699666666667,"F"
"Prionace glauca",12.6927,45.0797,"F"
"Prionace glauca",12.6927,45.0797,"F"
"Prionace glauca",12.6933,45.0797,"F"
"Prionace glauca",12.6933,45.0797,"F"
"Prionace glauca",12.6933,45.0797,"F"
"Prionace glauca",3.175,42.625,"F"
"Prionace glauca",3.175,42.625,"F"
"Prionace glauca",3.175,42.625,"F"
"Prionace glauca",3.2,42.625,"F"
"Prionace glauca",3.15,42.625,"F"
"Prionace glauca",9.713,42.2562,"F"
"Prionace glauca",9.713,42.2562,"F"
"Prionace glauca",-4.325,36.606,"F"
"Prionace glauca",-4.325,36.606,"F"
"Prionace glauca",-4.325,36.606,"F"
"Prionace glauca",-4.31,36.50728,"F"
"Prionace glauca",-4.325,36.606,"F"
"Prionace glauca",9.535,42.92,"F"
"Prionace glauca",9.337,43.012,"F"
"Prionace glauca",5.459,42.545,"F"
"Prionace glauca",5.46,42.58,"F"
"Prionace glauca",5.46,42.58,"F"
"Prionace glauca",5.46,42.58,"F"
"Prionace glauca",4.029,43.141,"F"
"Prionace glauca",10.375,42.85,"F"
"Prionace glauca",10.05,42.975,"F"
"Prionace glauca",9.475,43.275,"F"
"Prionace glauca",8.925,43.35,"F"
"Prionace glauca",8.425,43.225,"F"
"Prionace glauca",8.125,43.075,"F"
"Prionace glauca",8.3,42.875,"F"
"Prionace glauca",8.575,42.875,"F"
"Prionace glauca",8.55,42.8,"F"
"Prionace glauca",8.35,42.75,"F"
"Prionace glauca",8.15,42.65,"F"
"Prionace glauca",7.55,42.675,"F"
"Prionace glauca",7.375,42.525,"F"
"Prionace glauca",7.2,42.35,"F"
"Prionace glauca",7.4,42.425,"F"
"Prionace glauca",6.6,42.375,"F"
"Prionace glauca",7.525,42.45,"F"
"Prionace glauca",5.35,42.325,"F"
"Prionace glauca",4.925,42.1,"F"
"Prionace glauca",4.8,41.95,"F"
"Prionace glauca",4.375,41.875,"F"
"Prionace glauca",4.375,41.65,"F"
"Prionace glauca",4.5,42.3,"F"
"Prionace glauca",4.2,42.2,"F"
"Prionace glauca",4.15,42.35,"F"
"Prionace glauca",4.4,42.275,"F"
"Prionace glauca",4.675,42.175,"F"
"Prionace glauca",4.2,42.275,"F"
"Prionace glauca",4.05,42.45,"F"
"Prionace glauca",3.625,42.55,"F"
"Prionace glauca",3.325,42.6,"F"
"Prionace glauca",15.458,38.35512,"F"
"Prionace glauca",15.44,38.36667,"F"
"Prionace glauca",15.939,38.60062,"F"
"Prionace glauca",15.694,38.5967,"F"
"Prionace glauca",14.945,38.27979,"F"
"Prionace glauca",14.913,38.23422,"F"
"Prionace glauca",14.575,38.50318,"F"
"Prionace glauca",14.14,38.56409,"F"
"Prionace glauca",14.217,38.66678,"F"
"Prionace glauca",13.948,38.66143,"F"
"Prionace glauca",14.888,38.8528,"F"
"Prionace glauca",14.592,39.4387,"F"
"Prionace glauca",14.628,39.46812,"F"
"Prionace glauca",14.434,39.69052,"F"
"Prionace glauca",14.447,39.82327,"F"
"Prionace glauca",14.29,40.07595,"F"
"Prionace glauca",14.757,39.82883,"F"
"Prionace glauca",15.069,39.8553,"F"
"Prionace glauca",15.217,39.8671,"F"
"Prionace glauca",15.072,39.70837,"F"
"Prionace glauca",14.825,39.70673,"F"
"Prionace glauca",14.114,39.9318,"F"
"Prionace glauca",13.819,39.70161,"F"
"Prionace glauca",13.92,40.81386,"F"
"Prionace glauca",12.757,40.27971,"F"
"Prionace glauca",12.921,40.77015,"F"
"Prionace glauca",11.505,40.76379,"F"
"Prionace glauca",10.033,40.9711,"F"
"Prionace glauca",9.867,40.92669,"F"
"Prionace glauca",9.936,41.262,"F"
"Prionace glauca",11.947,39.30623,"F"
"Prionace glauca",11.82,39.57722,"F"
"Prionace glauca",16.026,38.9495,"F"
"Prionace glauca",15.6,38.78235,"F"
"Prionace glauca",15.59,38.79228,"F"
"Prionace glauca",15.326,38.61886,"F"
"Prionace glauca",15.115,38.27007,"F"
"Prionace glauca",14.571,38.19321,"F"
"Prionace glauca",14.536,38.3066,"F"
"Prionace glauca",14.31,38.18365,"F"
"Prionace glauca",14.334,38.12057,"F"
"Prionace glauca",14.54,38.62164,"F"
"Prionace glauca",13.643,38.06834,"F"
"Prionace glauca",13.681,38.12439,"F"
"Prionace glauca",13.658,38.1332,"F"
"Prionace glauca",13.79,38.23199,"F"
"Prionace glauca",13.755,38.24279,"F"
"Prionace glauca",13.728,38.38147,"F"
"Prionace glauca",15.422,39.04146,"F"
"Prionace glauca",15.554,39.19421,"F"
"Prionace glauca",15.594,39.60692,"F"
"Prionace glauca",14.945,40.17635,"F"
"Prionace glauca",14.811,40.01014,"F"
"Prionace glauca",13.914,40.51982,"F"
"Prionace glauca",14.019,39.94397,"F"
"Prionace glauca",13.801,40.34656,"F"
"Prionace glauca",10.982,37.65659,"F"
"Prionace glauca",11.241,38.06556,"F"
"Prionace glauca",12.409,38.51033,"F"
"Prionace glauca",13.43,40.44118,"F"
"Prionace glauca",13.587,40.44583,"F"
"Prionace glauca",13.411,40.31286,"F"
"Prionace glauca",13.404,40.31812,"F"
"Prionace glauca",13.422,40.58317,"F"
"Prionace glauca",13.267,40.53718,"F"
"Prionace glauca",13.234,40.52617,"F"
"Prionace glauca",13.167,40.67864,"F"
"Prionace glauca",13.169,40.69229,"F"
"Prionace glauca",13.091,40.67176,"F"
"Prionace glauca",13.011,40.67016,"F"
"Prionace glauca",13.001,40.75876,"F"
"Prionace glauca",12.892,40.66281,"F"
"Prionace glauca",12.748,40.69927,"F"
"Prionace glauca",12.73,40.67407,"F"
"Prionace glauca",12.725,40.61302,"F"
"Prionace glauca",12.744,40.87202,"F"
"Prionace glauca",12.762,40.98128,"F"
"Prionace glauca",12.721,40.98278,"F"
"Prionace glauca",12.683,40.96191,"F"
"Prionace glauca",12.64,40.93886,"F"
"Prionace glauca",12.731,41.05385,"F"
"Prionace glauca",12.681,41.10008,"F"
"Prionace glauca",12.72,41.12274,"F"
"Prionace glauca",12.808,41.11886,"F"
"Prionace glauca",12.601,41.14678,"F"
"Prionace glauca",12.501,41.04596,"F"
"Prionace glauca",13.2,41.20759,"F"
"Prionace glauca",12.376,41.0091,"F"
"Prionace glauca",12.523,41.28539,"F"
"Prionace glauca",12.03,41.35924,"F"
"Prionace glauca",11.909,41.41596,"F"
"Prionace glauca",11.861,41.41411,"F"
"Prionace glauca",11.933,41.53688,"F"
"Prionace glauca",11.987,41.6481,"F"
"Prionace glauca",12,41.77164,"F"
"Prionace glauca",11.808,41.87914,"F"
"Prionace glauca",11.698,41.73822,"F"
"Prionace glauca",11.659,41.86734,"F"
"Prionace glauca",11.515,41.79965,"F"
"Prionace glauca",11.488,41.96173,"F"
"Prionace glauca",11.333,41.95029,"F"
"Prionace glauca",11.332,41.99741,"F"
"Prionace glauca",11.296,41.98813,"F"
"Prionace glauca",11.311,41.97389,"F"
"Prionace glauca",11.333,41.95029,"F"
"Prionace glauca",11.273,42.00205,"F"
"Prionace glauca",11.224,41.96048,"F"
"Prionace glauca",11.18,41.89109,"F"
"Prionace glauca",11.155,41.7846,"F"
"Prionace glauca",11.168,41.77096,"F"
"Prionace glauca",11,41.76626,"F"
"Prionace glauca",10.926,41.7075,"F"
"Prionace glauca",11.004,41.66319,"F"
"Prionace glauca",11.295,41.69539,"F"
"Prionace glauca",11.296,41.6243,"F"
"Prionace glauca",11.46,41.6223,"F"
"Prionace glauca",11.475,41.66462,"F"
"Prionace glauca",11.376,41.7073,"F"
"Prionace glauca",10.97,42.0071,"F"
"Prionace glauca",10.899,41.9807,"F"
"Prionace glauca",10.777,41.92544,"F"
"Prionace glauca",10.744,41.90222,"F"
"Prionace glauca",10.72,41.92085,"F"
"Prionace glauca",10.669,41.92085,"F"
"Prionace glauca",10.62,41.94442,"F"
"Prionace glauca",10.693,42.0255,"F"
"Prionace glauca",10.648,42.0821,"F"
"Prionace glauca",10.627,42.06147,"F"
"Prionace glauca",10.782,42.12327,"F"
"Prionace glauca",10.9,42.1073,"F"
"Prionace glauca",10.937,42.14112,"F"
"Prionace glauca",10.963,42.17255,"F"
"Prionace glauca",11.052,42.15696,"F"
"Prionace glauca",10.622,42.12755,"F"
"Prionace glauca",11.34,41.52534,"F"
"Prionace glauca",11.549,41.40694,"F"
"Prionace glauca",11.223,41.36125,"F"
"Prionace glauca",11.158,41.31182,"F"
"Prionace glauca",NA,41.27754,"F"
"Prionace glauca",11.374,41.19273,"F"
"Prionace glauca",11.183,41.18933,"F"
"Prionace glauca",11.175,41.11861,"F"
"Prionace glauca",11.215,41.09315,"F"
"Prionace glauca",11.287,41.0336,"F"
"Prionace glauca",11.007,40.8913,"F"
"Prionace glauca",11.007,40.99654,"F"
"Prionace glauca",10.888,41.1305,"F"
"Prionace glauca",10.784,41.11557,"F"
"Prionace glauca",10.789,41.26029,"F"
"Prionace glauca",10.749,41.3248,"F"
"Prionace glauca",10.523,41.06554,"F"
"Prionace glauca",10.609,41.08651,"F"
"Prionace glauca",10.694,41.01684,"F"
"Prionace glauca",10.706,40.98431,"F"
"Prionace glauca",10.552,40.90205,"F"
"Prionace glauca",10.457,40.84829,"F"
"Prionace glauca",10.359,40.91633,"F"
"Prionace glauca",10.386,40.99966,"F"
"Prionace glauca",10.189,40.94155,"F"
"Prionace glauca",9.948,40.77214,"F"
"Prionace glauca",10.023,40.84947,"F"
"Prionace glauca",9.935,40.9019,"F"
"Prionace glauca",10,40.98553,"F"
"Prionace glauca",10.024,41.01268,"F"
"Prionace glauca",10.064,41.05293,"F"
"Prionace glauca",9.945,41.09516,"F"
"Prionace glauca",10.11,41.11175,"F"
"Prionace glauca",10.116,41.15008,"F"
"Prionace glauca",10.181,41.16637,"F"
"Prionace glauca",10.102,41.20159,"F"
"Prionace glauca",10.039,41.20063,"F"
"Prionace glauca",9.889,41.16729,"F"
"Prionace glauca",9.844,41.27604,"F"
"Prionace glauca",9.977,41.31846,"F"
"Prionace glauca",10.079,41.2832,"F"
"Prionace glauca",10.133,41.35888,"F"
"Prionace glauca",9.88,41.44402,"F"
"Prionace glauca",9.793,41.43771,"F"
"Prionace glauca",9.786,41.48071,"F"
"Prionace glauca",9.739,41.43067,"F"
"Prionace glauca",9.504,41.44027,"F"
"Prionace glauca",9.742,41.55593,"F"
"Prionace glauca",9.754,41.60931,"F"
"Prionace glauca",9.999,41.64542,"F"
"Prionace glauca",10.238,41.53391,"F"
"Prionace glauca",10.565,41.39576,"F"
"Prionace glauca",10.406,41.71957,"F"
"Prionace glauca",10.334,41.80002,"F"
"Prionace glauca",9.864,41.88564,"F"
"Prionace glauca",9.893,41.92983,"F"
"Prionace glauca",10.304,42.00938,"F"
"Prionace glauca",10.294,42.07858,"F"
"Prionace glauca",9.859,42.26731,"F"
"Prionace glauca",10.236,42.47853,"F"
"Prionace glauca",9.61,43.69558,"F"
"Prionace glauca",5.637,42.9393,"F"
"Prionace glauca",5.381,42.78041,"F"
"Prionace glauca",-1.991,36.577,"F"
"Prionace glauca",-2.307,36.622,"F"
"Prionace glauca",-2.443,36.595,"F"
"Prionace glauca",-2.813,36.452,"F"
"Prionace glauca",-3.686,36.243,"F"
"Prionace glauca",-3.507,35.653,"F"
"Prionace glauca",-2.009,35.39,"F"
"Prionace glauca",-1.936,35.71,"F"
"Prionace glauca",-2.21,36.037,"F"
"Prionace glauca",-1.577,36.552,"F"
"Prionace glauca",-0.948,36.686,"F"
"Prionace glauca",-0.603,36.798,"F"
"Prionace glauca",1.65,37.423,"F"
"Prionace glauca",1.056,37.41816,"F"
"Prionace glauca",2.727,37.88414,"F"
"Prionace glauca",2.12,38.537,"F"
"Prionace glauca",1.132,38.27528,"F"
"Prionace glauca",0.942,38.26428,"F"
"Prionace glauca",0.784,38.27985,"F"
"Prionace glauca",0.938,38.46309,"F"
"Prionace glauca",0.875,38.54991,"F"
"Prionace glauca",0.845,38.62436,"F"
"Prionace glauca",0.249,37.8169,"F"
"Prionace glauca",0.57,37.73344,"F"
"Prionace glauca",0.436,38.18809,"F"
"Prionace glauca",0.251,38.13654,"F"
"Prionace glauca",0.68,38.08373,"F"
"Prionace glauca",0.665,37.97034,"F"
"Prionace glauca",0.239,38.58331,"F"
"Prionace glauca",7.138,41.562,"F"
"Prionace glauca",12.254,39.828,"F"
"Prionace glauca",13.021,39.852,"F"
"Prionace glauca",12.987,39.875,"F"
"Prionace glauca",12.813,40.377,"F"
"Prionace glauca",12.621,40.973,"F"
"Prionace glauca",10.351,40.777,"F"
"Prionace glauca",9.665,41.34,"F"
"Prionace glauca",9.615,41.372,"F"
"Prionace glauca",10.143,41.744,"F"
"Prionace glauca",10.211,41.861,"F"
"Prionace glauca",10.068,41.905,"F"
"Prionace glauca",10.33,41.918,"F"
"Prionace glauca",10.182,41.977,"F"
"Prionace glauca",10.013,41.93,"F"
"Prionace glauca",10.043,41.955,"F"
"Prionace glauca",10.03,42.032,"F"
"Prionace glauca",9.798,41.916,"F"
"Prionace glauca",9.77,41.951,"F"
"Prionace glauca",9.83,41.958,"F"
"Prionace glauca",9.798,42.01,"F"
"Prionace glauca",9.756,42.061,"F"
"Prionace glauca",9.871,42.063,"F"
"Prionace glauca",10.116,42.069,"F"
"Prionace glauca",10.139,42.088,"F"
"Prionace glauca",10.174,42.069,"F"
"Prionace glauca",10.21,42.077,"F"
"Prionace glauca",10.106,42.138,"F"
"Prionace glauca",10.11,42.153,"F"
"Prionace glauca",9.787,42.177,"F"
"Prionace glauca",9.809,42.188,"F"
"Prionace glauca",9.724,42.213,"F"
"Prionace glauca",9.688,42.257,"F"
"Prionace glauca",9.823,42.262,"F"
"Prionace glauca",9.776,42.261,"F"
"Prionace glauca",9.814,42.285,"F"
"Prionace glauca",9.745,42.292,"F"
"Prionace glauca",9.805,42.319,"F"
"Prionace glauca",9.894,42.335,"F"
"Prionace glauca",9.86,42.356,"F"
"Prionace glauca",9.779,42.34,"F"
"Prionace glauca",9.738,42.355,"F"
"Prionace glauca",9.784,42.394,"F"
"Prionace glauca",9.742,42.405,"F"
"Prionace glauca",9.782,42.434,"F"
"Prionace glauca",9.824,42.414,"F"
"Prionace glauca",9.874,42.431,"F"
"Prionace glauca",9.813,42.377,"F"
"Prionace glauca",9.983,42.34,"F"
"Prionace glauca",10.081,42.299,"F"
"Prionace glauca",10.204,42.303,"F"
"Prionace glauca",10.346,42.43,"F"
"Prionace glauca",10.476,42.354,"F"
"Prionace glauca",10.515,42.306,"F"
"Prionace glauca",10.503,42.262,"F"
"Prionace glauca",10.507,42.299,"F"
"Prionace glauca",10.517,42.227,"F"
"Prionace glauca",10.58,42.229,"F"
"Prionace glauca",10.724,42.353,"F"
"Prionace glauca",10.735,42.158,"F"
"Prionace glauca",10.872,42.197,"F"
"Prionace glauca",10.908,42.147,"F"
"Prionace glauca",11.208,42.153,"F"
"Prionace glauca",11.124,42.103,"F"
"Prionace glauca",11.116,42.07,"F"
"Prionace glauca",11.12,42.029,"F"
"Prionace glauca",11.094,42.023,"F"
"Prionace glauca",11.014,41.997,"F"
"Prionace glauca",11.08,41.947,"F"
"Prionace glauca",11.141,41.865,"F"
"Prionace glauca",11.177,41.812,"F"
"Prionace glauca",10.956,41.715,"F"
"Prionace glauca",12.567,40.16514,"F"
"Prionace glauca",12.671,39.97356,"F"
"Prionace glauca",12.363,40.01306,"F"
"Prionace glauca",12.821,39.78758,"F"
"Prionace glauca",12.519,39.70646,"F"
"Prionace glauca",11.173,40.04407,"F"
"Prionace glauca",11.84,39.46481,"F"
"Prionace glauca",12.488,39.27921,"F"
"Prionace glauca",13.239,39.22844,"F"
"Prionace glauca",12.706,39.11472,"F"
"Prionace glauca",12.638,38.9657,"F"
"Prionace glauca",11.831,38.84164,"F"
"Prionace glauca",10.746,39.30719,"F"
"Prionace glauca",10.436,38.62947,"F"
"Prionace glauca",10.448,38.603,"F"
"Prionace glauca",10.215,38.5013,"F"
"Prionace glauca",10.86,38.34659,"F"
"Prionace glauca",10.117,38.20598,"F"
"Prionace glauca",10.034,37.93142,"F"
"Prionace glauca",9.899,38.04939,"F"
"Prionace glauca",9.761,38.02864,"F"
"Prionace glauca",9.278,37.85127,"F"
"Prionace glauca",11.124,37.80912,"F"
"Prionace glauca",11.477,37.65027,"F"
"Prionace glauca",11.69,37.67797,"F"
"Prionace glauca",8.086,38.01868,"F"
"Prionace glauca",7.849,37.6636,"F"
"Prionace glauca",7.864,37.42963,"F"
"Prionace glauca",7.532,37.18659,"F"
"Prionace glauca",8.053,37.10535,"F"
"Prionace glauca",6.919,37.75531,"F"
"Prionace glauca",6.698,37.49184,"F"
"Prionace glauca",5.783,37.33728,"F"
"Prionace glauca",6.191,37.13765,"F"
"Prionace glauca",4,37.49355,"F"
"Prionace glauca",3.365,37.62959,"F"
"Prionace glauca",2.518,36.95422,"F"
"Prionace glauca",1.94,36.88048,"F"
"Prionace glauca",0.183,36.5858,"F"
"Prionace glauca",-1.443,35.81795,"F"
"Prionace glauca",-1.425,35.61536,"F"
"Prionace glauca",-2.04,35.99798,"F"
"Prionace glauca",-2.915,36.33801,"F"
"Prionace glauca",7.704,40.63228,"F"
"Prionace glauca",7.751,40.74963,"F"
"Prionace glauca",7.948,40.8916,"F"
"Prionace glauca",7.756,41.11299,"F"
"Prionace glauca",8.017,41.12051,"F"
"Prionace glauca",8.207,41.26336,"F"
"Prionace glauca",8.3,41.46221,"F"
"Prionace glauca",8.474,41.51895,"F"
"Prionace glauca",8.264,41.57988,"F"
"Prionace glauca",8.671,41.59997,"F"
"Prionace glauca",8.516,41.64529,"F"
"Prionace glauca",8.348,41.67187,"F"
"Prionace glauca",7.981,41.87172,"F"
"Prionace glauca",8.117,42.03708,"F"
"Prionace glauca",8.143,42.03293,"F"
"Prionace glauca",8.339,42.04397,"F"
"Prionace glauca",8.441,42.12169,"F"
"Prionace glauca",8.299,42.15507,"F"
"Prionace glauca",8.549,42.61007,"F"
"Prionace glauca",8.41,42.65201,"F"
"Prionace glauca",9.624,43.07986,"F"
"Prionace glauca",9.535,42.92,"F"
"Prionace glauca",11.352,35.666,"F"
"Prionace glauca",11.394,35.94,"F"
"Prionace glauca",11.4,35.967,"F"
"Prionace glauca",11.895,37.99,"F"
"Prionace glauca",10.558,38.152,"F"
"Prionace glauca",9.625,38.119,"F"
"Prionace glauca",9.424,38.202,"F"
"Prionace glauca",9.09,38.326,"F"
"Prionace glauca",12.93,33.9766,"F"
"Prionace glauca",-1.928,35.75827,"F"
"Prionace glauca",-2.102,35.67659,"F"
"Prionace glauca",-2.548,35.61304,"F"
"Prionace glauca",-2.864,35.40157,"F"
"Prionace glauca",-2.764,35.59481,"F"
"Prionace glauca",-3.441,35.61603,"F"
"Prionace glauca",-3.852,35.62995,"F"
"Prionace glauca",-3.827,35.73833,"F"
"Prionace glauca",-3.914,35.78944,"F"
"Prionace glauca",-3.973,35.7431,"F"
"Prionace glauca",-4.314,35.67089,"F"
"Prionace glauca",-4.283,35.54829,"F"
"Prionace glauca",-4.204,35.45352,"F"
"Prionace glauca",-4.621,35.57198,"F"
"Prionace glauca",-4.641,35.5279,"F"
"Prionace glauca",-4.699,35.6599,"F"
"Prionace glauca",-4.126,36.08422,"F"
"Prionace glauca",-4.417,36.11892,"F"
"Prionace glauca",-4.153,36.19483,"F"
"Prionace glauca",-3.559,36.2976,"F"
"Prionace glauca",-3.764,36.39294,"F"
"Prionace glauca",-4.294,36.37611,"F"
"Prionace glauca",-4.353,36.43191,"F"
"Prionace glauca",-4.48,36.44159,"F"
"Prionace glauca",-4.152,36.55841,"F"
"Prionace glauca",-4.049,36.5263,"F"
"Prionace glauca",-3.959,36.52742,"F"
"Prionace glauca",-3.908,36.56879,"F"
"Prionace glauca",-3.753,36.5921,"F"
"Prionace glauca",-3.691,36.56656,"F"
"Prionace glauca",-3.491,36.43052,"F"
"Prionace glauca",-3.396,36.51486,"F"
"Prionace glauca",-3.014,36.55123,"F"
"Prionace glauca",-2.455,36.56388,"F"
"Prionace glauca",-2.471,36.48091,"F"
"Prionace glauca",-2.306,36.50141,"F"
"Prionace glauca",-2.243,36.53412,"F"
"Prionace glauca",-2.162,36.61435,"F"
"Prionace glauca",-2.127,36.26299,"F"
"Prionace glauca",-2.296,36.44124,"F"
"Prionace glauca",1.046,37.85304,"F"
"Prionace glauca",11.641,41.7944,"F"
"Prionace glauca",11.718,42.10237,"F"
"Prionace glauca",10.871,42.20764,"F"
"Prionace glauca",9.701,43.036,"F"
"Prionace glauca",10.049,43.193,"F"
"Prionace glauca",10.08,43.51352,"F"
"Prionace glauca",9.806,43.59222,"F"
"Prionace glauca",9.443,43.45647,"F"
"Prionace glauca",9.383,43.3998,"F"
"Prionace glauca",5.36,39.207,"F"
"Prionace glauca",3.129,39.165,"F"
"Prionace glauca",2.584,39.367,"F"
"Prionace glauca",2.207,38.857,"F"
"Prionace glauca",1.38,38.493,"F"
"Prionace glauca",1.376,38.447,"F"
"Prionace glauca",-0.887,37.447,"F"
"Prionace glauca",-1.547,36.815,"F"
"Prionace glauca",-1.423,36.376,"F"
"Prionace glauca",-0.615,35.797,"F"
"Prionace glauca",-0.774,35.802,"F"
"Prionace glauca",-2.771,35.626,"F"
"Prionace glauca",-3.332,35.573,"F"
"Prionace glauca",-4.01,35.544,"F"
"Prionace glauca",-3.798,35.544,"F"
"Prionace glauca",-3.76,35.861,"F"
"Prionace glauca",-3.675,35.999,"F"
"Prionace glauca",-3.984,36.243,"F"
"Prionace glauca",-4.325,36.606,"F"
"Prionace glauca",-5.144,36.117,"F"
"Prionace glauca",3.77597350674374,43.1512057803468,"F"
"Prionace glauca",3.913783,43.143225,"F"
"Prionace glauca",3.741562,43.186479,"F"
"Prionace glauca",3.930392,43.120129,"F"
"Prionace glauca",3.930392,43.120129,"F"
"Prionace glauca",3.900675,43.195342,"F"
"Prionace glauca",3.900675,43.195342,"F"
"Prionace glauca",3.900675,43.195342,"F"
"Prionace glauca",3.900675,43.195342,"F"
"Prionace glauca",4.059575,43.339179,"F"
"Prionace glauca",3.80145,43.178042,"F"
"Prionace glauca",3.80145,43.178042,"F"
"Prionace glauca",3.80145,43.178042,"F"
"Prionace glauca",3.80145,43.178042,"F"
"Prionace glauca",3.80145,43.178042,"F"
"Prionace glauca",3.80145,43.178042,"F"
"Prionace glauca",3.80145,43.178042,"F"
"Prionace glauca",3.3658,42.7594,"F"
"Prionace glauca",3.3658,42.7594,"F"
"Prionace glauca",3.3658,42.7594,"F"
"Prionace glauca",3.3658,42.7594,"F"
"Prionace glauca",3.3658,42.7594,"F"
"Prionace glauca",3.3658,42.7594,"F"
"Prionace glauca",3.3658,42.7594,"F"
"Prionace glauca",3.3658,42.7594,"F"
"Prionace glauca",3.3658,42.7594,"F"
"Prionace glauca",3.3658,42.7594,"F"
"Prionace glauca",3.3658,42.7594,"F"
"Prionace glauca",3.3658,42.7594,"F"
"Prionace glauca",3.3658,42.7594,"F"
"Prionace glauca",3.3658,42.7594,"F"
"Prionace glauca",3.957754,42.926392,"F"
"Prionace glauca",3.909229,43.081483,"F"
"Prionace glauca",3.909229,43.081483,"F"
"Prionace glauca",3.909229,43.081483,"F"
"Prionace glauca",3.8964,43.031021,"F"
"Prionace glauca",3.8964,43.031021,"F"
"Prionace glauca",3.949192,43.32345,"F"
"Prionace glauca",3.899946,43.163008,"F"
"Prionace glauca",3.735979,43.182442,"F"
"Prionace glauca",3.735979,43.182442,"F"
"Prionace glauca",3.853438,42.881925,"F"
"Prionace glauca",3.853438,42.881925,"F"
"Prionace glauca",3.853438,42.881925,"F"
"Prionace glauca",3.854183,43.162104,"F"
"Prionace glauca",3.858533,43.33135,"F"
"Prionace glauca",3.714467,43.29207,"F"
"Prionace glauca",3.714467,43.29207,"F"
"Prionace glauca",3.744533,43.27513,"F"
"Prionace glauca",6.152617,42.87177,"F"
"Prionace glauca",6.152617,42.87177,"F"
"Prionace glauca",3.375633,43.06387,"F"
"Prionace glauca",3.375633,43.06387,"F"
"Prionace glauca",15.8741833333333,42.3613833333333,"F"
"Prionace glauca",16.1732333333333,42.1665,"F"
"Prionace glauca",16.1052833333333,42.1168166666667,"F"
"Prionace glauca",15.9116,42.3364333333333,"F"
"Prionace glauca",15.9134666666667,42.3344,"F"
"Prionace glauca",16.0274166666667,42.15505,"F"
"Prionace glauca",18.60585,41.4571,"F"
"Prionace glauca",18.4674166666667,41.4982166666667,"F"
"Prionace glauca",18.7045333333333,40.944,"F"
"Prionace glauca",18.6784333333333,41.0849666666667,"F"
"Prionace glauca",17.6169833333333,41.4387166666667,"F"
"Prionace glauca",17.7736833333333,41.40075,"F"
"Prionace glauca",17.8355666666667,41.37695,"F"
"Prionace glauca",17.90595,41.3568666666667,"F"
"Prionace glauca",17.9954833333333,41.2939333333333,"F"
"Prionace glauca",18.1354166666667,41.2750833333333,"F"
"Prionace glauca",17.0731666666667,42.3265,"F"
"Prionace glauca",16.858,42.264,"F"
"Prionace glauca",16.8583333333333,42.2648333333333,"F"
"Prionace glauca",16.6846833333333,42.2564,"F"
"Prionace glauca",17.3973833333333,41.2427666666667,"F"
"Prionace glauca",17.0174,41.6448,"F"
"Prionace glauca",15.2245333333333,42.7696,"F"
"Prionace glauca",15.3029,42.7617333333333,"F"
"Prionace glauca",15.3410166666667,42.7593,"F"
"Prionace glauca",15.4841166666667,42.7092666666667,"F"
"Prionace glauca",15.8166666666667,42.6221666666667,"F"
"Prionace glauca",17.2164166666667,41.6454166666667,"F"
"Prionace glauca",17.3341666666667,41.4653333333333,"F"
"Prionace glauca",17.3943,41.2772833333333,"F"
"Prionace glauca",17.5270833333333,41.2386666666667,"F"
"Prionace glauca",17.26685,41.28105,"F"
"Prionace glauca",17.2922666666667,41.2481333333333,"F"
"Prionace glauca",17.5747833333333,41.0590166666667,"F"
"Prionace glauca",17.11,41.8926666666667,"F"
"Prionace glauca",17.1225,41.802,"F"
"Prionace glauca",17.155,41.755,"F"
"Prionace glauca",17.2102666666667,41.6875166666667,"F"
"Prionace glauca",17.3678333333333,41.5141666666667,"F"
"Prionace glauca",17.2484166666667,41.9206833333333,"F"
"Prionace glauca",17.2555833333333,41.8970833333333,"F"
"Prionace glauca",17.3828333333333,41.6345833333333,"F"
"Prionace glauca",15.6690166666667,42.5287166666667,"F"
"Prionace glauca",15.4795333333333,42.2499833333333,"F"
"Prionace glauca",15.53,42.256,"F"
"Prionace glauca",16.7705666666667,41.7183,"F"
"Prionace glauca",16.4470666666667,41.9802,"F"
"Prionace glauca",16.40825,42.0130333333333,"F"
"Prionace glauca",17.0154,42.39545,"F"
"Prionace glauca",16.8131166666667,42.3134333333333,"F"
"Prionace glauca",16.6269833333333,42.1234666666667,"F"
"Prionace glauca",16.6295666666667,42.0662666666667,"F"
"Prionace glauca",16.6331,42.0551166666667,"F"
"Prionace glauca",16.7278333333333,41.5772333333333,"F"
"Prionace glauca",17.5690666666667,41.2845333333333,"F"
"Prionace glauca",17.8046666666667,41.0361666666667,"F"
"Prionace glauca",15.7334333333333,42.41805,"F"
"Prionace glauca",15.8853666666667,42.31285,"F"
"Prionace glauca",15.9117,42.2950333333333,"F"
"Prionace glauca",15.7810666666667,42.38515,"F"
"Prionace glauca",15.7987666666667,42.3740333333333,"F"
"Prionace glauca",15.9266166666667,42.3012833333333,"F"
"Prionace glauca",15.7327666666667,42.5248666666667,"F"
"Prionace glauca",15.9236,42.2474666666667,"F"
"Prionace glauca",16.282,42.04735,"F"
"Prionace glauca",16.5158833333333,42.21295,"F"
"Prionace glauca",16.4375833333333,42.2055,"F"
"Prionace glauca",16.1554833333333,42.1495833333333,"F"
"Prionace glauca",16.3555166666667,42.0993166666667,"F"
"Prionace glauca",17.6937666666667,40.93655,"F"
"Prionace glauca",17.5909166666667,40.99655,"F"
"Prionace glauca",17.8847666666667,40.8665833333333,"F"
"Prionace glauca",17.75075,40.8972666666667,"F"
"Prionace glauca",16.9574666666667,41.7845833333333,"F"
"Prionace glauca",18.08295,40.86285,"F"
"Prionace glauca",15.2772833333333,42.3798333333333,"F"
"Prionace glauca",15.2556833333333,42.4648333333333,"F"
"Prionace glauca",15.8073,42.1676,"F"
"Prionace glauca",15.40355,42.2447333333333,"F"
"Prionace glauca",15.0779833333333,42.36345,"F"
"Prionace glauca",15.2217833333333,42.3477833333333,"F"
"Prionace glauca",15.68075,42.1961333333333,"F"
"Prionace glauca",16.0773666666667,42.0928166666667,"F"
"Prionace glauca",16.2456666666667,42.0253666666667,"F"
"Prionace glauca",17.4374166666667,41.5186833333333,"F"
"Prionace glauca",16.5403166666667,42.13805,"F"
"Prionace glauca",16.4747166666667,42.0707166666667,"F"
"Prionace glauca",17.125,41.85,"F"
"Prionace glauca",17.125,41.85,"F"
"Prionace glauca",17.15,41.85,"F"
"Prionace glauca",17.15,41.85,"F"
"Prionace glauca",17.15,41.85,"F"
"Prionace glauca",17.15,41.85,"F"
"Prionace glauca",17.15,41.85,"F"
"Prionace glauca",17.175,41.825,"F"
"Prionace glauca",17.175,41.825,"F"
"Prionace glauca",17.175,41.825,"F"
"Prionace glauca",17.175,41.825,"F"
"Prionace glauca",17.175,41.825,"F"
"Prionace glauca",17.2,41.825,"F"
"Prionace glauca",17.225,41.825,"F"
"Prionace glauca",17.25,41.825,"F"
"Prionace glauca",17.25,41.825,"F"
"Prionace glauca",17.25,41.825,"F"
"Prionace glauca",17.25,41.825,"F"
"Prionace glauca",17.25,41.825,"F"
"Prionace glauca",17.3,41.825,"F"
"Prionace glauca",17.325,41.825,"F"
"Prionace glauca",17.35,41.8,"F"
"Prionace glauca",17.375,41.8,"F"
"Prionace glauca",17.375,41.775,"F"
"Prionace glauca",17.4,41.75,"F"
"Prionace glauca",17.425,41.75,"F"
"Prionace glauca",17.45,41.725,"F"
"Prionace glauca",17.45,41.725,"F"
"Prionace glauca",17.45,41.725,"F"
"Prionace glauca",17.45,41.725,"F"
"Prionace glauca",17.475,41.725,"F"
"Prionace glauca",17.475,41.725,"F"
"Prionace glauca",17.475,41.725,"F"
"Prionace glauca",17.475,41.725,"F"
"Prionace glauca",17.5,41.725,"F"
"Prionace glauca",17.5,41.725,"F"
"Prionace glauca",17.5,41.725,"F"
"Prionace glauca",17.525,41.7,"F"
"Prionace glauca",17.525,41.7,"F"
"Prionace glauca",17.525,41.7,"F"
"Prionace glauca",17.525,41.7,"F"
"Prionace glauca",17.55,41.7,"F"
"Prionace glauca",17.55,41.7,"F"
"Prionace glauca",17.55,41.7,"F"
"Prionace glauca",17.575,41.7,"F"
"Prionace glauca",17.6,41.7,"F"
"Prionace glauca",17.6,41.7,"F"
"Prionace glauca",17.625,41.725,"F"
"Prionace glauca",17.625,41.725,"F"
"Prionace glauca",17.625,41.725,"F"
"Prionace glauca",17.625,41.725,"F"
"Prionace glauca",17.625,41.7,"F"
"Prionace glauca",17.65,41.7,"F"
"Prionace glauca",17.65,41.7,"F"
"Prionace glauca",17.675,41.725,"F"
"Prionace glauca",17.675,41.725,"F"
"Prionace glauca",17.7,41.725,"F"
"Prionace glauca",17.7,41.725,"F"
"Prionace glauca",17.7,41.725,"F"
"Prionace glauca",17.7,41.725,"F"
"Prionace glauca",17.725,41.7,"F"
"Prionace glauca",17.75,41.7,"F"
"Prionace glauca",17.8,41.7,"F"
"Prionace glauca",17.8,41.7,"F"
"Prionace glauca",17.8,41.7,"F"
"Prionace glauca",17.8,41.7,"F"
"Prionace glauca",17.8,41.7,"F"
"Prionace glauca",17.825,41.7,"F"
"Prionace glauca",17.875,41.7,"F"
"Prionace glauca",17.925,41.7,"F"
"Prionace glauca",17.95,41.7,"F"
"Prionace glauca",17.95,41.7,"F"
"Prionace glauca",17.95,41.7,"F"
"Prionace glauca",17.95,41.7,"F"
"Prionace glauca",18.075,41.675,"F"
"Prionace glauca",18.2,41.675,"F"
"Prionace glauca",18.35,41.65,"F"
"Prionace glauca",18.35,41.65,"F"
"Prionace glauca",18.425,41.65,"F"
"Prionace glauca",18.475,41.625,"F"
"Prionace glauca",18.475,41.625,"F"
"Prionace glauca",18.5,41.625,"F"
"Prionace glauca",18.525,41.625,"F"
"Prionace glauca",18.55,41.6,"F"
"Prionace glauca",18.55,41.6,"F"
"Prionace glauca",18.55,41.6,"F"
"Prionace glauca",18.55,41.6,"F"
"Prionace glauca",18.4,41.65,"F"
"Prionace glauca",18.35,41.65,"F"
"Prionace glauca",18.3,41.65,"F"
"Prionace glauca",18.225,41.65,"F"
"Prionace glauca",18.225,41.65,"F"
"Prionace glauca",18.15,41.675,"F"
"Prionace glauca",18.125,41.65,"F"
"Prionace glauca",18.075,41.65,"F"
"Prionace glauca",18.05,41.65,"F"
"Prionace glauca",18.025,41.625,"F"
"Prionace glauca",18.025,41.625,"F"
"Prionace glauca",18.025,41.625,"F"
"Prionace glauca",18.025,41.625,"F"
"Prionace glauca",18,41.625,"F"
"Prionace glauca",18,41.625,"F"
"Prionace glauca",18,41.625,"F"
"Prionace glauca",18,41.625,"F"
"Prionace glauca",18,41.625,"F"
"Prionace glauca",18.025,41.65,"F"
"Prionace glauca",18.05,41.65,"F"
"Prionace glauca",18.1,41.65,"F"
"Prionace glauca",18.1,41.65,"F"
"Prionace glauca",18.1,41.65,"F"
"Prionace glauca",18.1,41.65,"F"
"Prionace glauca",18.125,41.675,"F"
"Prionace glauca",18.15,41.675,"F"
"Prionace glauca",18.2,41.675,"F"
"Prionace glauca",18.275,41.675,"F"
"Prionace glauca",18.325,41.675,"F"
"Prionace glauca",18.325,41.675,"F"
"Prionace glauca",18.325,41.675,"F"
"Prionace glauca",18.35,41.675,"F"
"Prionace glauca",18.35,41.675,"F"
"Prionace glauca",18.375,41.725,"F"
"Prionace glauca",18.4,41.775,"F"
"Prionace glauca",18.425,41.825,"F"
"Prionace glauca",18.45,41.8,"F"
"Prionace glauca",18.45,41.8,"F"
"Prionace glauca",18.425,41.8,"F"
"Prionace glauca",18.375,41.75,"F"
"Prionace glauca",18.325,41.7,"F"
"Prionace glauca",18.275,41.675,"F"
"Prionace glauca",18.2,41.65,"F"
"Prionace glauca",18.125,41.65,"F"
"Prionace glauca",18.075,41.625,"F"
"Prionace glauca",18.075,41.625,"F"
"Prionace glauca",18.075,41.625,"F"
"Prionace glauca",18.05,41.625,"F"
"Prionace glauca",18,41.625,"F"
"Prionace glauca",18,41.625,"F"
"Prionace glauca",17.95,41.625,"F"
"Prionace glauca",17.925,41.6,"F"
"Prionace glauca",17.9,41.6,"F"
"Prionace glauca",17.9,41.6,"F"
"Prionace glauca",17.9,41.6,"F"
"Prionace glauca",17.875,41.6,"F"
"Prionace glauca",17.875,41.6,"F"
"Prionace glauca",17.875,41.6,"F"
"Prionace glauca",17.875,41.6,"F"
"Prionace glauca",17.875,41.6,"F"
"Prionace glauca",17.875,41.6,"F"
"Prionace glauca",17.875,41.6,"F"
"Prionace glauca",17.875,41.6,"F"
"Prionace glauca",17.9,41.6,"F"
"Prionace glauca",17.925,41.575,"F"
"Prionace glauca",17.95,41.575,"F"
"Prionace glauca",17.95,41.575,"F"
"Prionace glauca",17.975,41.575,"F"
"Prionace glauca",17.975,41.575,"F"
"Prionace glauca",17.975,41.575,"F"
"Prionace glauca",17.975,41.575,"F"
"Prionace glauca",17.95,41.575,"F"
"Prionace glauca",17.95,41.575,"F"
"Prionace glauca",17.95,41.575,"F"
"Prionace glauca",17.95,41.575,"F"
"Prionace glauca",17.95,41.575,"F"
"Prionace glauca",17.975,41.575,"F"
"Prionace glauca",17.975,41.575,"F"
"Prionace glauca",17.95,41.55,"F"
"Prionace glauca",17.95,41.55,"F"
"Prionace glauca",17.95,41.55,"F"
"Prionace glauca",17.975,41.55,"F"
"Prionace glauca",17.975,41.55,"F"
"Prionace glauca",17.975,41.55,"F"
"Prionace glauca",18.025,41.5,"F"
"Prionace glauca",18.05,41.45,"F"
"Prionace glauca",18.075,41.425,"F"
"Prionace glauca",18.075,41.425,"F"
"Prionace glauca",18.075,41.425,"F"
"Prionace glauca",18.075,41.425,"F"
"Prionace glauca",18.1,41.4,"F"
"Prionace glauca",18.125,41.4,"F"
"Prionace glauca",18.125,41.375,"F"
"Prionace glauca",18.175,41.375,"F"
"Prionace glauca",18.175,41.375,"F"
"Prionace glauca",18.175,41.375,"F"
"Prionace glauca",18.175,41.375,"F"
"Prionace glauca",18.275,41.35,"F"
"Prionace glauca",18.275,41.35,"F"
"Prionace glauca",18.275,41.35,"F"
"Prionace glauca",18.275,41.35,"F"
"Prionace glauca",18.275,41.35,"F"
"Prionace glauca",18.275,41.35,"F"
"Prionace glauca",18.3,41.35,"F"
"Prionace glauca",18.325,41.35,"F"
"Prionace glauca",18.325,41.35,"F"
"Prionace glauca",18.325,41.325,"F"
"Prionace glauca",18.35,41.325,"F"
"Prionace glauca",18.375,41.325,"F"
"Prionace glauca",18.375,41.325,"F"
"Prionace glauca",18.4,41.3,"F"
"Prionace glauca",18.5,41.325,"F"
"Prionace glauca",18.6,41.35,"F"
"Prionace glauca",18.6,41.35,"F"
"Prionace glauca",18.6,41.35,"F"
"Prionace glauca",18.6,41.35,"F"
"Prionace glauca",18.6,41.35,"F"
"Prionace glauca",18.55,41.35,"F"
"Prionace glauca",18.55,41.35,"F"
"Prionace glauca",18.55,41.35,"F"
"Prionace glauca",18.55,41.35,"F"
"Prionace glauca",18.55,41.35,"F"
"Prionace glauca",18.575,41.375,"F"
"Prionace glauca",18.6,41.4,"F"
"Prionace glauca",18.625,41.475,"F"
"Prionace glauca",18.625,41.475,"F"
"Prionace glauca",18.625,41.475,"F"
"Prionace glauca",18.625,41.475,"F"
"Prionace glauca",18.625,41.475,"F"
"Prionace glauca",18.6,41.5,"F"
"Prionace glauca",18.575,41.55,"F"
"Prionace glauca",18.575,41.575,"F"
"Prionace glauca",18.55,41.625,"F"
"Prionace glauca",18.4,41.825,"F"
"Prionace glauca",18.4,41.825,"F"
"Prionace glauca",18.4,41.825,"F"
"Prionace glauca",18.4,41.825,"F"
"Prionace glauca",18.375,41.825,"F"
"Prionace glauca",18.375,41.825,"F"
"Prionace glauca",18.375,41.825,"F"
"Prionace glauca",18.375,41.825,"F"
"Prionace glauca",18.375,41.825,"F"
"Prionace glauca",18.375,41.825,"F"
"Prionace glauca",18.375,41.825,"F"
"Prionace glauca",18.375,41.85,"F"
"Prionace glauca",18.375,41.875,"F"
"Prionace glauca",18.375,41.875,"F"
"Prionace glauca",18.375,41.9,"F"
"Prionace glauca",18.375,41.9,"F"
"Prionace glauca",18.375,41.9,"F"
"Prionace glauca",18.375,41.9,"F"
"Prionace glauca",18.375,41.9,"F"
"Prionace glauca",18.375,41.9,"F"
"Prionace glauca",18.375,41.9,"F"
"Prionace glauca",18.375,41.875,"F"
"Prionace glauca",18.375,41.875,"F"
"Prionace glauca",18.35,41.85,"F"
"Prionace glauca",18.25,41.85,"F"
"Prionace glauca",18.15,41.875,"F"
"Prionace glauca",18.15,41.875,"F"
"Prionace glauca",18.15,41.875,"F"
"Prionace glauca",18.15,41.875,"F"
"Prionace glauca",18.15,41.875,"F"
"Prionace glauca",18.15,41.875,"F"
"Prionace glauca",18.125,41.875,"F"
"Prionace glauca",18.125,41.875,"F"
"Prionace glauca",18.125,41.875,"F"
"Prionace glauca",18.125,41.875,"F"
"Prionace glauca",18.125,41.875,"F"
"Prionace glauca",18.125,41.875,"F"
"Prionace glauca",18.275,41.875,"F"
"Prionace glauca",18.4,41.9,"F"
"Prionace glauca",18.6,41.875,"F"
"Prionace glauca",18.625,41.875,"F"
"Prionace glauca",18.625,41.875,"F"
"Prionace glauca",18.625,41.875,"F"
"Prionace glauca",18.625,41.875,"F"
"Prionace glauca",18.65,41.925,"F"
"Prionace glauca",18.675,41.925,"F"
"Prionace glauca",18.675,41.925,"F"
"Prionace glauca",18.65,41.925,"F"
"Prionace glauca",18.65,41.925,"F"
"Prionace glauca",18.625,41.925,"F"
"Prionace glauca",18.575,41.925,"F"
"Prionace glauca",18.5,41.95,"F"
"Prionace glauca",18.425,41.95,"F"
"Prionace glauca",18.375,41.925,"F"
"Prionace glauca",18.325,41.925,"F"
"Prionace glauca",18.3,41.9,"F"
"Prionace glauca",18.225,41.9,"F"
"Prionace glauca",18.175,41.875,"F"
"Prionace glauca",18.125,41.875,"F"
"Prionace glauca",18.1,41.85,"F"
"Prionace glauca",18.1,41.85,"F"
"Prionace glauca",18.1,41.85,"F"
"Prionace glauca",18.1,41.85,"F"
"Prionace glauca",18.1,41.85,"F"
"Prionace glauca",18.075,41.875,"F"
"Prionace glauca",18.05,41.875,"F"
"Prionace glauca",18.025,41.875,"F"
"Prionace glauca",18,41.9,"F"
"Prionace glauca",18,41.9,"F"
"Prionace glauca",18.025,41.9,"F"
"Prionace glauca",18.025,41.9,"F"
"Prionace glauca",18.025,41.9,"F"
"Prionace glauca",18.025,41.9,"F"
"Prionace glauca",18.025,41.95,"F"
"Prionace glauca",18.025,41.95,"F"
"Prionace glauca",18.025,41.925,"F"
"Prionace glauca",17.975,41.925,"F"
"Prionace glauca",17.95,41.925,"F"
"Prionace glauca",17.875,41.9,"F"
"Prionace glauca",17.725,41.825,"F"
"Prionace glauca",17.625,41.775,"F"
"Prionace glauca",17.525,41.725,"F"
"Prionace glauca",17.525,41.725,"F"
"Prionace glauca",17.475,41.7,"F"
"Prionace glauca",17.4,41.65,"F"
"Prionace glauca",17.35,41.625,"F"
"Prionace glauca",17.35,41.625,"F"
"Prionace glauca",17.35,41.625,"F"
"Prionace glauca",17.35,41.6,"F"
"Prionace glauca",17.35,41.6,"F"
"Prionace glauca",17.35,41.6,"F"
"Prionace glauca",17.35,41.6,"F"
"Prionace glauca",17.35,41.6,"F"
"Prionace glauca",17.35,41.6,"F"
"Prionace glauca",17.35,41.6,"F"
"Prionace glauca",17.35,41.6,"F"
"Prionace glauca",17.35,41.575,"F"
"Prionace glauca",17.35,41.55,"F"
"Prionace glauca",17.35,41.5,"F"
"Prionace glauca",17.35,41.5,"F"
"Prionace glauca",17.35,41.5,"F"
"Prionace glauca",17.35,41.5,"F"
"Prionace glauca",17.35,41.475,"F"
"Prionace glauca",17.35,41.475,"F"
"Prionace glauca",17.35,41.425,"F"
"Prionace glauca",17.325,41.4,"F"
"Prionace glauca",17.325,41.4,"F"
"Prionace glauca",17.325,41.4,"F"
"Prionace glauca",17.325,41.4,"F"
"Prionace glauca",17.325,41.4,"F"
"Prionace glauca",17.325,41.4,"F"
"Prionace glauca",17.35,41.4,"F"
"Prionace glauca",17.375,41.375,"F"
"Prionace glauca",17.375,41.375,"F"
"Prionace glauca",17.375,41.375,"F"
"Prionace glauca",17.375,41.375,"F"
"Prionace glauca",17.375,41.375,"F"
"Prionace glauca",17.4,41.375,"F"
"Prionace glauca",17.4,41.375,"F"
"Prionace glauca",17.4,41.375,"F"
"Prionace glauca",17.4,41.375,"F"
"Prionace glauca",17.425,41.375,"F"
"Prionace glauca",17.425,41.375,"F"
"Prionace glauca",17.525,41.35,"F"
"Prionace glauca",17.575,41.325,"F"
"Prionace glauca",17.6,41.325,"F"
"Prionace glauca",17.6,41.325,"F"
"Prionace glauca",17.6,41.325,"F"
"Prionace glauca",17.6,41.325,"F"
"Prionace glauca",17.6,41.325,"F"
"Prionace glauca",17.625,41.275,"F"
"Prionace glauca",17.65,41.225,"F"
"Prionace glauca",17.675,41.2,"F"
"Prionace glauca",17.675,41.2,"F"
"Prionace glauca",17.675,41.175,"F"
"Prionace glauca",17.675,41.175,"F"
"Prionace glauca",17.675,41.175,"F"
"Prionace glauca",17.675,41.175,"F"
"Prionace glauca",17.7,41.15,"F"
"Prionace glauca",17.7,41.15,"F"
"Prionace glauca",17.675,41.15,"F"
"Prionace glauca",17.675,41.15,"F"
"Prionace glauca",17.675,41.15,"F"
"Prionace glauca",17.675,41.15,"F"
"Prionace glauca",17.65,41.125,"F"
"Prionace glauca",17.65,41.125,"F"
"Prionace glauca",15.875,42.375,"F"
"Prionace glauca",15.875,42.375,"F"
"Prionace glauca",15.975,42.375,"F"
"Prionace glauca",16.1,42.375,"F"
"Prionace glauca",16.225,42.35,"F"
"Prionace glauca",16.35,42.35,"F"
"Prionace glauca",16.45,42.325,"F"
"Prionace glauca",16.6,42.325,"F"
"Prionace glauca",16.675,42.3,"F"
"Prionace glauca",16.825,42.3,"F"
"Prionace glauca",16.9,42.275,"F"
"Prionace glauca",16.9,42.275,"F"
"Prionace glauca",16.9,42.275,"F"
"Prionace glauca",16.9,42.275,"F"
"Prionace glauca",16.925,42.275,"F"
"Prionace glauca",16.925,42.275,"F"
"Prionace glauca",17,42.275,"F"
"Prionace glauca",17.025,42.25,"F"
"Prionace glauca",17.025,42.25,"F"
"Prionace glauca",17.025,42.25,"F"
"Prionace glauca",17.025,42.25,"F"
"Prionace glauca",17.05,42.25,"F"
"Prionace glauca",17.075,42.225,"F"
"Prionace glauca",17.1,42.2,"F"
"Prionace glauca",17.125,42.175,"F"
"Prionace glauca",17.125,42.15,"F"
"Prionace glauca",17.125,42.125,"F"
"Prionace glauca",17.125,42.125,"F"
"Prionace glauca",17.125,42.125,"F"
"Prionace glauca",17.125,42.125,"F"
"Prionace glauca",17.125,42.125,"F"
"Prionace glauca",17.125,42.125,"F"
"Prionace glauca",17.15,42.1,"F"
"Prionace glauca",17.15,42.075,"F"
"Prionace glauca",17.15,42.075,"F"
"Prionace glauca",17.15,42.075,"F"
"Prionace glauca",17.15,42.075,"F"
"Prionace glauca",17.15,42.05,"F"
"Prionace glauca",17.125,42.025,"F"
"Prionace glauca",17.1,42,"F"
"Prionace glauca",17,41.975,"F"
"Prionace glauca",17,41.975,"F"
"Prionace glauca",17,41.975,"F"
"Prionace glauca",17,41.975,"F"
"Prionace glauca",17.05,41.975,"F"
"Prionace glauca",17.1,41.95,"F"
"Prionace glauca",17.1,41.925,"F"
"Prionace glauca",17.1,41.9,"F"
"Prionace glauca",17.1,41.9,"F"
"Prionace glauca",17.1,41.9,"F"
"Prionace glauca",17.1,41.9,"F"
"Prionace glauca",17.1,41.875,"F"
"Prionace glauca",17.1,41.85,"F"
"Prionace glauca",17.1,41.85,"F"
"Prionace glauca",17.075,41.825,"F"
"Prionace glauca",17.075,41.8,"F"
"Prionace glauca",17.075,41.775,"F"
"Prionace glauca",17.05,41.75,"F"
"Prionace glauca",17.05,41.7,"F"
"Prionace glauca",17.05,41.675,"F"
"Prionace glauca",17.025,41.675,"F"
"Prionace glauca",17.025,41.65,"F"
"Prionace glauca",17,41.625,"F"
"Prionace glauca",17,41.6,"F"
"Prionace glauca",16.975,41.575,"F"
"Prionace glauca",16.975,41.55,"F"
"Prionace glauca",16.95,41.525,"F"
"Prionace glauca",16.95,41.475,"F"
"Prionace glauca",16.925,41.45,"F"
"Prionace glauca",16.925,41.425,"F"
"Prionace glauca",16.9,41.4,"F"
"Prionace glauca",16.9,41.4,"F"
"Prionace glauca",16.875,41.375,"F"
"Prionace glauca",16.875,41.375,"F"
"Prionace glauca",16.6,41.875,"F"
"Prionace glauca",16.6,41.875,"F"
"Prionace glauca",16.8,41.8,"F"
"Prionace glauca",16.8,41.8,"F"
"Prionace glauca",16.8,41.775,"F"
"Prionace glauca",16.875,41.775,"F"
"Prionace glauca",16.925,41.725,"F"
"Prionace glauca",17,41.725,"F"
"Prionace glauca",17,41.725,"F"
"Prionace glauca",17,41.725,"F"
"Prionace glauca",17.1,41.675,"F"
"Prionace glauca",17.125,41.675,"F"
"Prionace glauca",17.15,41.65,"F"
"Prionace glauca",17.15,41.65,"F"
"Prionace glauca",17.15,41.65,"F"
"Prionace glauca",17.225,41.625,"F"
"Prionace glauca",17.275,41.625,"F"
"Prionace glauca",17.3,41.6,"F"
"Prionace glauca",17.375,41.5,"F"
"Prionace glauca",17.45,41.4,"F"
"Prionace glauca",17.45,41.4,"F"
"Prionace glauca",17.45,41.4,"F"
"Prionace glauca",17.55,41.375,"F"
"Prionace glauca",17.6,41.35,"F"
"Prionace glauca",17.625,41.35,"F"
"Prionace glauca",17.725,41.275,"F"
"Prionace glauca",17.825,41.2,"F"
"Prionace glauca",17.9,41.125,"F"
"Prionace glauca",17.975,41.075,"F"
"Prionace glauca",18.075,40.975,"F"
"Prionace glauca",18.15,40.9,"F"
"Prionace glauca",18.225,40.825,"F"
"Prionace glauca",18.35,40.7,"F"
"Prionace glauca",18.4,40.65,"F"
"Prionace glauca",18.45,40.575,"F"
"Prionace glauca",18.45,40.575,"F"
"Prionace glauca",18.45,40.575,"F"
"Prionace glauca",18.5,40.55,"F"
"Prionace glauca",18.575,40.475,"F"
"Prionace glauca",18.575,40.475,"F"
"Prionace glauca",18.625,40.375,"F"
"Prionace glauca",18.65,40.275,"F"
"Prionace glauca",18.675,40.15,"F"
"Prionace glauca",18.675,40.05,"F"
"Prionace glauca",18.675,39.925,"F"
"Prionace glauca",18.65,39.825,"F"
"Prionace glauca",18.625,39.7,"F"
"Prionace glauca",18.6,39.625,"F"
"Prionace glauca",18.6,39.625,"F"
"Prionace glauca",18.6,39.625,"F"
"Prionace glauca",18.6,39.625,"F"
"Prionace glauca",18.6,39.6,"F"
"Prionace glauca",18.575,39.525,"F"
"Prionace glauca",18.575,39.525,"F"
"Prionace glauca",18.575,39.525,"F"
"Prionace glauca",18.575,39.525,"F"
"Prionace glauca",18.55,39.5,"F"
"Prionace glauca",18.55,39.5,"F"
"Prionace glauca",18.525,39.425,"F"
"Prionace glauca",18.5,39.35,"F"
"Prionace glauca",18.45,39.275,"F"
"Prionace glauca",18.425,39.175,"F"
"Prionace glauca",18.4,39.125,"F"
"Prionace glauca",18.375,39.05,"F"
"Prionace glauca",18.35,38.95,"F"
"Prionace glauca",18.325,38.9,"F"
"Prionace glauca",18.3,38.825,"F"
"Prionace glauca",18.275,38.75,"F"
"Prionace glauca",18.25,38.65,"F"
"Prionace glauca",18.225,38.65,"F"
"Prionace glauca",18.225,38.65,"F"
"Prionace glauca",18.225,38.65,"F"
"Prionace glauca",18.225,38.65,"F"
"Prionace glauca",18.2,38.6,"F"
"Prionace glauca",18.175,38.575,"F"
"Prionace glauca",18.175,38.575,"F"
"Prionace glauca",18.175,38.575,"F"
"Prionace glauca",18.15,38.55,"F"
"Prionace glauca",18.15,38.55,"F"
"Prionace glauca",18.15,38.55,"F"
"Prionace glauca",18.15,38.525,"F"
"Prionace glauca",18.125,38.5,"F"
"Prionace glauca",18.125,38.475,"F"
"Prionace glauca",18.1,38.45,"F"
"Prionace glauca",18.1,38.45,"F"
"Prionace glauca",18.1,38.45,"F"
"Prionace glauca",18.125,38.45,"F"
"Prionace glauca",18.125,38.45,"F"
"Prionace glauca",18.125,38.45,"F"
"Prionace glauca",18.125,38.45,"F"
"Prionace glauca",18.15,38.5,"F"
"Prionace glauca",18.175,38.525,"F"
"Prionace glauca",18.2,38.55,"F"
"Prionace glauca",18.225,38.575,"F"
"Prionace glauca",18.25,38.6,"F"
"Prionace glauca",18.25,38.6,"F"
"Prionace glauca",18.25,38.6,"F"
"Prionace glauca",18.25,38.6,"F"
"Prionace glauca",18.325,38.6,"F"
"Prionace glauca",18.375,38.625,"F"
"Prionace glauca",18.45,38.625,"F"
"Prionace glauca",18.525,38.65,"F"
"Prionace glauca",18.575,38.65,"F"
"Prionace glauca",18.625,38.675,"F"
"Prionace glauca",18.625,38.675,"F"
"Prionace glauca",18.625,38.675,"F"
"Prionace glauca",18.625,38.675,"F"
"Prionace glauca",18.675,38.7,"F"
"Prionace glauca",18.75,38.7,"F"
"Prionace glauca",18.825,38.725,"F"
"Prionace glauca",18.9,38.75,"F"
"Prionace glauca",18.95,38.775,"F"
"Prionace glauca",19,38.8,"F"
"Prionace glauca",19,38.8,"F"
"Prionace glauca",19,38.8,"F"
"Prionace glauca",19,38.8,"F"
"Prionace glauca",19.025,38.8,"F"
"Prionace glauca",19.025,38.8,"F"
"Prionace glauca",19.05,38.825,"F"
"Prionace glauca",19.05,38.825,"F"
"Prionace glauca",19.05,38.825,"F"
"Prionace glauca",19.05,38.825,"F"
"Prionace glauca",19.05,38.825,"F"
"Prionace glauca",19.125,38.85,"F"
"Prionace glauca",19.2,38.85,"F"
"Prionace glauca",19.325,38.875,"F"
"Prionace glauca",19.325,38.875,"F"
"Prionace glauca",19.35,38.875,"F"
"Prionace glauca",19.35,38.875,"F"
"Prionace glauca",19.375,38.875,"F"
"Prionace glauca",19.375,38.875,"F"
"Prionace glauca",19.425,38.9,"F"
"Prionace glauca",19.525,38.9,"F"
"Prionace glauca",19.55,38.9,"F"
"Prionace glauca",19.575,38.9,"F"
"Prionace glauca",19.575,38.9,"F"
"Prionace glauca",19.575,38.9,"F"
"Prionace glauca",19.575,38.9,"F"
"Prionace glauca",19.625,38.925,"F"
"Prionace glauca",19.65,38.925,"F"
"Prionace glauca",19.7,38.925,"F"
"Prionace glauca",19.75,38.95,"F"
"Prionace glauca",19.825,38.95,"F"
"Prionace glauca",19.85,38.975,"F"
"Prionace glauca",19.85,38.975,"F"
"Prionace glauca",19.85,39,"F"
"Prionace glauca",19.85,39,"F"
"Prionace glauca",19.85,39,"F"
"Prionace glauca",19.875,38.975,"F"
"Prionace glauca",19.95,38.975,"F"
"Prionace glauca",19.95,38.975,"F"
"Prionace glauca",19.95,38.975,"F"
"Prionace glauca",20.05,38.975,"F"
"Prionace glauca",20.05,38.975,"F"
"Prionace glauca",20.075,38.975,"F"
"Prionace glauca",20.075,38.95,"F"
"Prionace glauca",20.075,38.95,"F"
"Prionace glauca",20.1,38.95,"F"
"Prionace glauca",20.1,38.95,"F"
"Prionace glauca",20.075,38.95,"F"
"Prionace glauca",20.05,38.95,"F"
"Prionace glauca",20.05,38.95,"F"
"Prionace glauca",20.05,38.95,"F"
"Prionace glauca",20.05,38.925,"F"
"Prionace glauca",20.05,38.925,"F"
"Prionace glauca",20.025,38.925,"F"
"Prionace glauca",20.025,38.925,"F"
"Prionace glauca",20.025,38.9,"F"
"Prionace glauca",20.025,38.9,"F"
"Prionace glauca",20.025,38.9,"F"
"Prionace glauca",20.025,38.9,"F"
"Prionace glauca",20.05,38.875,"F"
"Prionace glauca",20.05,38.875,"F"
"Prionace glauca",20.05,38.875,"F"
"Prionace glauca",20.05,38.875,"F"
"Prionace glauca",20.025,38.875,"F"
"Prionace glauca",19.975,38.875,"F"
"Prionace glauca",19.95,38.875,"F"
"Prionace glauca",19.925,38.85,"F"
"Prionace glauca",19.9,38.85,"F"
"Prionace glauca",19.875,38.825,"F"
"Prionace glauca",19.875,38.825,"F"
"Prionace glauca",19.875,38.825,"F"
"Prionace glauca",19.875,38.825,"F"
"Prionace glauca",19.875,38.825,"F"
"Prionace glauca",19.875,38.8,"F"
"Prionace glauca",19.875,38.8,"F"
"Prionace glauca",19.875,38.8,"F"
"Prionace glauca",19.875,38.8,"F"
"Prionace glauca",19.875,38.8,"F"
"Prionace glauca",19.875,38.775,"F"
"Prionace glauca",19.9,38.775,"F"
"Prionace glauca",19.9,38.775,"F"
"Prionace glauca",19.9,38.775,"F"
"Prionace glauca",19.9,38.775,"F"
"Prionace glauca",19.9,38.775,"F"
"Prionace glauca",19.9,38.775,"F"
"Prionace glauca",19.925,38.8,"F"
"Prionace glauca",19.95,38.825,"F"
"Prionace glauca",20,38.825,"F"
"Prionace glauca",20.05,38.85,"F"
"Prionace glauca",20.05,38.85,"F"
"Prionace glauca",20.05,38.85,"F"
"Prionace glauca",20.05,38.85,"F"
"Prionace glauca",20.05,38.85,"F"
"Prionace glauca",20.05,38.85,"F"
"Prionace glauca",20.05,38.85,"F"
"Prionace glauca",20.05,38.85,"F"
"Prionace glauca",20.05,38.85,"F"
"Prionace glauca",20.05,38.85,"F"
"Prionace glauca",20.05,38.85,"F"
"Prionace glauca",20.025,38.825,"F"
"Prionace glauca",19.925,38.8,"F"
"Prionace glauca",19.875,38.725,"F"
"Prionace glauca",19.875,38.725,"F"
"Prionace glauca",19.875,38.725,"F"
"Prionace glauca",19.875,38.725,"F"
"Prionace glauca",19.875,38.725,"F"
"Prionace glauca",19.85,38.7,"F"
"Prionace glauca",19.825,38.675,"F"
"Prionace glauca",19.8,38.625,"F"
"Prionace glauca",19.75,38.6,"F"
"Prionace glauca",19.725,38.575,"F"
"Prionace glauca",19.7,38.525,"F"
"Prionace glauca",19.675,38.5,"F"
"Prionace glauca",19.65,38.45,"F"
"Prionace glauca",19.625,38.425,"F"
"Prionace glauca",19.6,38.4,"F"
"Prionace glauca",19.575,38.375,"F"
"Prionace glauca",19.575,38.325,"F"
"Prionace glauca",19.575,38.325,"F"
"Prionace glauca",19.55,38.325,"F"
"Prionace glauca",19.55,38.325,"F"
"Prionace glauca",19.55,38.325,"F"
"Prionace glauca",19.55,38.325,"F"
"Prionace glauca",19.575,38.3,"F"
"Prionace glauca",19.575,38.3,"F"
"Prionace glauca",19.575,38.3,"F"
"Prionace glauca",19.575,38.3,"F"
"Prionace glauca",19.575,38.3,"F"
"Prionace glauca",19.55,38.3,"F"
"Prionace glauca",19.55,38.275,"F"
"Prionace glauca",19.55,38.225,"F"
"Prionace glauca",19.55,38.225,"F"
"Prionace glauca",19.55,38.225,"F"
"Prionace glauca",19.525,38.225,"F"
"Prionace glauca",19.525,38.225,"F"
"Prionace glauca",19.525,38.225,"F"
"Prionace glauca",19.475,38.2,"F"
"Prionace glauca",19.475,38.2,"F"
"Prionace glauca",19.45,38.175,"F"
"Prionace glauca",19.45,38.175,"F"
"Prionace glauca",19.45,38.175,"F"
"Prionace glauca",19.45,38.175,"F"
"Prionace glauca",19.45,38.175,"F"
"Prionace glauca",19.45,38.15,"F"
"Prionace glauca",19.475,38.125,"F"
"Prionace glauca",19.475,38.125,"F"
"Prionace glauca",19.475,38.125,"F"
"Prionace glauca",19.525,38.125,"F"
"Prionace glauca",19.525,38.125,"F"
"Prionace glauca",19.55,38.1,"F"
"Prionace glauca",19.6,38.025,"F"
"Prionace glauca",19.65,37.925,"F"
"Prionace glauca",19.775,37.9,"F"
"Prionace glauca",19.775,37.9,"F"
"Prionace glauca",19.8,37.9,"F"
"Prionace glauca",19.8,37.9,"F"
"Prionace glauca",19.8,37.875,"F"
"Prionace glauca",19.8,37.875,"F"
"Prionace glauca",19.825,37.825,"F"
"Prionace glauca",19.825,37.825,"F"
"Prionace glauca",19.825,37.825,"F"
"Prionace glauca",19.825,37.825,"F"
"Prionace glauca",19.825,37.8,"F"
"Prionace glauca",19.825,37.775,"F"
"Prionace glauca",19.8,37.7,"F"
"Prionace glauca",19.825,37.65,"F"
"Prionace glauca",19.825,37.65,"F"
"Prionace glauca",19.825,37.65,"F"
"Prionace glauca",19.825,37.65,"F"
"Prionace glauca",19.825,37.625,"F"
"Prionace glauca",19.85,37.6,"F"
"Prionace glauca",19.875,37.575,"F"
"Prionace glauca",19.875,37.575,"F"
"Prionace glauca",19.875,37.575,"F"
"Prionace glauca",19.875,37.575,"F"
"Prionace glauca",19.875,37.575,"F"
"Prionace glauca",19.875,37.525,"F"
"Prionace glauca",19.875,37.525,"F"
"Prionace glauca",19.875,37.525,"F"
"Prionace glauca",19.9,37.5,"F"
"Prionace glauca",19.9,37.5,"F"
"Prionace glauca",19.9,37.45,"F"
"Prionace glauca",19.9,37.375,"F"
"Prionace glauca",19.9,37.375,"F"
"Prionace glauca",19.9,37.375,"F"
"Prionace glauca",19.925,37.375,"F"
"Prionace glauca",19.925,37.3,"F"
"Prionace glauca",19.95,37.225,"F"
"Prionace glauca",19.95,37.225,"F"
"Prionace glauca",19.95,37.225,"F"
"Prionace glauca",19.95,37.2,"F"
"Prionace glauca",19.95,37.2,"F"
"Prionace glauca",19.975,37.175,"F"
"Prionace glauca",20,37.125,"F"
"Prionace glauca",20.025,37.05,"F"
"Prionace glauca",20.025,37.025,"F"
"Prionace glauca",20.025,37.025,"F"
"Prionace glauca",20.025,37.025,"F"
"Prionace glauca",20.025,37.025,"F"
"Prionace glauca",20.025,37,"F"
"Prionace glauca",20.05,36.925,"F"
"Prionace glauca",20.05,36.925,"F"
"Prionace glauca",20.05,36.9,"F"
"Prionace glauca",20.05,36.9,"F"
"Prionace glauca",20.05,36.9,"F"
"Prionace glauca",20.075,36.875,"F"
"Prionace glauca",20.1,36.8,"F"
"Prionace glauca",20.125,36.725,"F"
"Prionace glauca",20.125,36.7,"F"
"Prionace glauca",20.125,36.7,"F"
"Prionace glauca",20.125,36.7,"F"
"Prionace glauca",20.125,36.7,"F"
"Prionace glauca",20.15,36.625,"F"
"Prionace glauca",20.175,36.55,"F"
"Prionace glauca",20.175,36.55,"F"
"Prionace glauca",20.2,36.475,"F"
"Prionace glauca",20.225,36.4,"F"
"Prionace glauca",20.225,36.375,"F"
"Prionace glauca",20.225,36.375,"F"
"Prionace glauca",20.275,36.325,"F"
"Prionace glauca",20.275,36.325,"F"
"Prionace glauca",20.275,36.325,"F"
"Prionace glauca",20.275,36.3,"F"
"Prionace glauca",20.275,36.3,"F"
"Prionace glauca",20.3,36.275,"F"
"Prionace glauca",20.325,36.175,"F"
"Prionace glauca",20.35,36.125,"F"
"Prionace glauca",20.35,36.05,"F"
"Prionace glauca",20.375,35.95,"F"
"Prionace glauca",20.375,35.9,"F"
"Prionace glauca",20.4,35.85,"F"
"Prionace glauca",17.1,41.625,"F"
"Prionace glauca",17.1,41.625,"F"
"Prionace glauca",17.2,41.55,"F"
"Prionace glauca",17.2,41.55,"F"
"Prionace glauca",17.2,41.55,"F"
"Prionace glauca",17.3,41.5,"F"
"Prionace glauca",17.325,41.5,"F"
"Prionace glauca",17.4,41.45,"F"
"Prionace glauca",17.525,41.35,"F"
"Prionace glauca",17.675,41.175,"F"
"Prionace glauca",17.675,41.175,"F"
"Prionace glauca",17.675,41.175,"F"
"Prionace glauca",17.725,41.175,"F"
"Prionace glauca",17.725,41.175,"F"
"Prionace glauca",17.85,41.1,"F"
"Prionace glauca",17.875,41.1,"F"
"Prionace glauca",17.875,41.1,"F"
"Prionace glauca",17.875,41.1,"F"
"Prionace glauca",17.95,41.05,"F"
"Prionace glauca",17.975,41.05,"F"
"Prionace glauca",18.1,40.925,"F"
"Prionace glauca",18.1,40.925,"F"
"Prionace glauca",18.1,40.925,"F"
"Prionace glauca",18.15,40.9,"F"
"Prionace glauca",18.175,40.9,"F"
"Prionace glauca",18.3,40.85,"F"
"Prionace glauca",18.325,40.85,"F"
"Prionace glauca",18.325,40.85,"F"
"Prionace glauca",18.375,40.825,"F"
"Prionace glauca",18.4,40.825,"F"
"Prionace glauca",18.425,40.725,"F"
"Prionace glauca",18.425,40.725,"F"
"Prionace glauca",18.425,40.725,"F"
"Prionace glauca",18.425,40.65,"F"
"Prionace glauca",18.425,40.65,"F"
"Prionace glauca",18.45,40.6,"F"
"Prionace glauca",18.45,40.6,"F"
"Prionace glauca",18.45,40.6,"F"
"Prionace glauca",18.475,40.55,"F"
"Prionace glauca",18.475,40.55,"F"
"Prionace glauca",18.55,40.4,"F"
"Prionace glauca",18.55,40.4,"F"
"Prionace glauca",18.55,40.4,"F"
"Prionace glauca",18.575,40.375,"F"
"Prionace glauca",18.575,40.375,"F"
"Prionace glauca",18.625,40.25,"F"
"Prionace glauca",18.625,40.25,"F"
"Prionace glauca",18.65,40.125,"F"
"Prionace glauca",18.65,40.025,"F"
"Prionace glauca",18.65,40.025,"F"
"Prionace glauca",18.65,40.025,"F"
"Prionace glauca",18.65,39.875,"F"
"Prionace glauca",18.575,39.675,"F"
"Prionace glauca",18.55,39.6,"F"
"Prionace glauca",18.55,39.6,"F"
"Prionace glauca",18.55,39.6,"F"
"Prionace glauca",18.55,39.6,"F"
"Prionace glauca",18.5,39.575,"F"
"Prionace glauca",18.375,39.4,"F"
"Prionace glauca",18.35,39.4,"F"
"Prionace glauca",18.325,39.375,"F"
"Prionace glauca",18.325,39.375,"F"
"Prionace glauca",18.325,39.375,"F"
"Prionace glauca",18.325,39.375,"F"
"Prionace glauca",18.3,39.375,"F"
"Prionace glauca",18.275,39.375,"F"
"Prionace glauca",18.2,39.35,"F"
"Prionace glauca",18.1,39.225,"F"
"Prionace glauca",18.1,39.225,"F"
"Prionace glauca",18.05,39.175,"F"
"Prionace glauca",17.95,39.1,"F"
"Prionace glauca",17.85,38.975,"F"
"Prionace glauca",17.85,38.95,"F"
"Prionace glauca",17.85,38.95,"F"
"Prionace glauca",17.825,38.95,"F"
"Prionace glauca",17.8,38.95,"F"
"Prionace glauca",17.725,38.9,"F"
"Prionace glauca",17.675,38.875,"F"
"Prionace glauca",17.625,38.875,"F"
"Prionace glauca",17.625,38.875,"F"
"Prionace glauca",17.575,38.85,"F"
"Prionace glauca",17.55,38.85,"F"
"Prionace glauca",17.55,38.85,"F"
"Prionace glauca",17.55,38.85,"F"
"Prionace glauca",17.55,38.85,"F"
"Prionace glauca",17.55,38.85,"F"
"Prionace glauca",17.55,38.85,"F"
"Prionace glauca",17.425,38.8,"F"
"Prionace glauca",17.4,38.8,"F"
"Prionace glauca",17.4,38.8,"F"
"Prionace glauca",17.375,38.8,"F"
"Prionace glauca",17.375,38.8,"F"
"Prionace glauca",17.325,38.75,"F"
"Prionace glauca",17.175,38.625,"F"
"Prionace glauca",17.175,38.625,"F"
"Prionace glauca",17.125,38.55,"F"
"Prionace glauca",17.1,38.55,"F"
"Prionace glauca",17.1,38.55,"F"
"Prionace glauca",17.1,38.55,"F"
"Prionace glauca",17.1,38.5,"F"
"Prionace glauca",17.1,38.5,"F"
"Prionace glauca",17.1,38.45,"F"
"Prionace glauca",17.1,38.45,"F"
"Prionace glauca",17.1,38.45,"F"
"Prionace glauca",17.1,38.425,"F"
"Prionace glauca",17.1,38.425,"F"
"Prionace glauca",17.1,38.4,"F"
"Prionace glauca",17.1,38.4,"F"
"Prionace glauca",17.1,38.4,"F"
"Prionace glauca",17.1,38.4,"F"
"Prionace glauca",17.125,38.375,"F"
"Prionace glauca",17.125,38.375,"F"
"Prionace glauca",17.125,38.375,"F"
"Prionace glauca",17.125,38.375,"F"
"Prionace glauca",17.125,38.375,"F"
"Prionace glauca",17.125,38.325,"F"
"Prionace glauca",17.125,38.175,"F"
"Prionace glauca",17.125,38.175,"F"
"Prionace glauca",17.125,38.15,"F"
"Prionace glauca",17.125,38.15,"F"
"Prionace glauca",17.125,38.15,"F"
"Prionace glauca",17.125,38.125,"F"
"Prionace glauca",17.125,38.125,"F"
"Prionace glauca",17.125,38.1,"F"
"Prionace glauca",17.1,37.95,"F"
"Prionace glauca",17.1,37.95,"F"
"Prionace glauca",17.1,37.95,"F"
"Prionace glauca",17.1,37.95,"F"
"Prionace glauca",17.1,37.925,"F"
"Prionace glauca",17.125,37.85,"F"
"Prionace glauca",17.125,37.85,"F"
"Prionace glauca",17.125,37.85,"F"
"Prionace glauca",17.125,37.825,"F"
"Prionace glauca",17.125,37.725,"F"
"Prionace glauca",17.125,37.725,"F"
"Prionace glauca",17.125,37.7,"F"
"Prionace glauca",17.125,37.675,"F"
"Prionace glauca",17.125,37.675,"F"
"Prionace glauca",17.125,37.675,"F"
"Prionace glauca",17.125,37.675,"F"
"Prionace glauca",17.15,37.675,"F"
"Prionace glauca",17.15,37.675,"F"
"Prionace glauca",17.15,37.65,"F"
"Prionace glauca",17.175,37.55,"F"
"Prionace glauca",17.2,37.55,"F"
"Prionace glauca",17.2,37.55,"F"
"Prionace glauca",17.2,37.55,"F"
"Prionace glauca",17.2,37.55,"F"
"Prionace glauca",17.175,37.425,"F"
"Prionace glauca",17.175,37.4,"F"
"Prionace glauca",17.175,37.4,"F"
"Prionace glauca",17.175,37.4,"F"
"Prionace glauca",17.175,37.4,"F"
"Prionace glauca",17.175,37.4,"F"
"Prionace glauca",17.175,37.375,"F"
"Prionace glauca",17.15,37.375,"F"
"Prionace glauca",17.15,37.375,"F"
"Prionace glauca",17.15,37.375,"F"
"Prionace glauca",17.15,37.375,"F"
"Prionace glauca",17.15,37.375,"F"
"Prionace glauca",17.15,37.35,"F"
"Prionace glauca",17.15,37.35,"F"
"Prionace glauca",17.15,37.35,"F"
"Prionace glauca",17.15,37.35,"F"
"Prionace glauca",17.15,37.35,"F"
"Prionace glauca",17.125,37.35,"F"
"Prionace glauca",17.125,37.35,"F"
"Prionace glauca",17.125,37.35,"F"
"Prionace glauca",17.125,37.35,"F"
"Prionace glauca",17.125,37.35,"F"
"Prionace glauca",17.125,37.35,"F"
"Prionace glauca",17.125,37.35,"F"
"Prionace glauca",17.125,37.35,"F"
"Prionace glauca",17.125,37.35,"F"
"Prionace glauca",17.125,37.35,"F"
"Prionace glauca",17.125,37.35,"F"
